order_id,client_id,site_id,site_name,required_delivery_date,InsertTime
17035500,556675887,168,מגדל העמק,2024-03-12,2024-03-10 14:26:00.183
17035502,556683688,86,נווה יעקב-ירושלים,2024-03-11,2024-03-10 14:26:00.183
17035520,556731665,192,רב זירא בית שמש,2024-03-13,2024-03-10 14:26:00.183
17035527,556669627,76,ויקטור ויוליוס נווה יעקב,2024-03-11,2024-03-10 14:26:00.183
17035529,527656609,236,לואי ליפסקי ירושליים,2024-03-11,2024-03-10 14:26:00.183
17035540,556712297,278,ברכיה בית שמש,2024-03-13,2024-03-10 14:26:00.183
17035542,556664941,150,נג'ארה ירושליים,2024-03-13,2024-03-10 14:26:00.183
17035543,2614,38,רשבי מודיעין עילית,2024-03-12,2024-03-10 14:26:00.183
17035546,556700071,130,הגליל כרמיאל,2024-03-12,2024-03-10 14:26:00.183
17035555,527645712,27,חפציבה מודיעין עילית,2024-03-12,2024-03-10 14:26:00.183
17035560,556731685,240,גדליה נוימן נווה יעקב ירושלים,2024-03-11,2024-03-10 14:26:00.183
17035570,556689744,229,סולם יעקב ירושליים,2024-03-11,2024-03-10 14:26:00.183
17035572,556644352,84,רמות פולין- ירושליים,2024-03-11,2024-03-10 14:26:00.183
17035579,556696051,47,מעלה אדומים,2024-03-11,2024-03-10 14:26:00.183
17035580,4979,58,חזון דוד מודיעין עילית,2024-03-12,2024-03-10 14:26:00.183
17035581,556725917,205,"רש""י ירושליים",2024-03-13,2024-03-10 14:26:00.183
17035583,5991,26,אביי ורבא מודיעין עילית,2024-03-12,2024-03-10 14:26:00.183
17035584,527652760,9,נהר הירדן בית שמש,2024-03-13,2024-03-10 14:26:00.183
17035588,556693905,236,לואי ליפסקי ירושליים,2024-03-11,2024-03-10 14:26:00.183
17035596,556657051,236,לואי ליפסקי ירושליים,2024-03-11,2024-03-10 14:26:00.183
17035602,556699529,26,אביי ורבא מודיעין עילית,2024-03-12,2024-03-10 14:26:00.183
17035606,556670856,137,אהל איתן נווה יעקב ירושליים,2024-03-11,2024-03-10 14:26:00.183
17035612,556688406,37,קרלין מודיעין עילית,2024-03-12,2024-03-10 14:26:00.183
17035615,556641356,26,אביי ורבא מודיעין עילית,2024-03-12,2024-03-10 14:26:00.183
17035629,556689596,163,ישיבת מצפה יריחו,2024-03-11,2024-03-10 14:26:00.183
17035632,6150,37,קרלין מודיעין עילית,2024-03-12,2024-03-10 14:26:00.183
17035645,556666716,115,משכנות יעקב ירושליים,2024-03-13,2024-03-10 14:26:00.183
17035668,556799458,300,ישמח ישראל ביתר עילית,2024-03-13,2024-03-10 14:26:00.183
17035672,556667240,153,צפת,2024-03-12,2024-03-10 14:26:00.183
17035675,556694305,140,גולאק נווה יעקב ירושליים,2024-03-11,2024-03-10 14:26:00.183
17035686,556658274,109,עידו הנביא בית שמש,2024-03-13,2024-03-10 14:26:00.183
17035695,556654935,166,הרב רביץ נווה יעקב ירושליים,2024-03-11,2024-03-10 14:26:00.183
17035711,556668793,163,ישיבת מצפה יריחו,2024-03-11,2024-03-10 14:26:00.183
17035715,527655708,84,רמות פולין- ירושליים,2024-03-11,2024-03-10 14:26:00.183
17035732,527654102,135,שאדיקר נווה יעקב ירושליים,2024-03-11,2024-03-10 14:26:00.183
17035741,527662474,93,רבי יהשוע בית שמש,2024-03-13,2024-03-10 14:26:00.183
17035743,11953,12,קצות החושן מודיעין עילית,2024-03-12,2024-03-10 14:26:00.183
17035746,556657286,140,גולאק נווה יעקב ירושליים,2024-03-11,2024-03-10 14:26:00.183
17035753,556692517,7,מרומי שדה מודיעין עילית,2024-03-12,2024-03-10 14:26:00.183
17035755,556769769,251,שעלבים,2024-03-12,2024-03-10 14:26:00.183
17035756,556686038,209,קהילות יעקב מודיעין עילית,2024-03-12,2024-03-10 14:26:00.183
17035761,556671766,153,צפת,2024-03-12,2024-03-10 14:26:00.183
17035768,556794344,153,צפת,2024-03-12,2024-03-10 14:26:00.183
17035769,556665960,109,עידו הנביא בית שמש,2024-03-13,2024-03-10 14:26:00.183
17035770,556689628,140,גולאק נווה יעקב ירושליים,2024-03-11,2024-03-10 14:26:00.183
17035774,556685571,84,רמות פולין- ירושליים,2024-03-11,2024-03-10 14:26:00.183
17035782,556646710,166,הרב רביץ נווה יעקב ירושליים,2024-03-11,2024-03-10 14:26:00.183
17035785,12240,150,נג'ארה ירושליים,2024-03-13,2024-03-10 14:26:00.183
17035795,556797148,201,סופה בית אל,2024-03-11,2024-03-10 14:26:00.183
17035804,556643373,139,בית יצחק מודיעין עילית,2024-03-12,2024-03-10 14:26:00.183
17035808,556665510,200,אהבת שלום תל ציון,2024-03-11,2024-03-10 14:26:00.183
17035809,527662902,253,צוקרמן נווה יעקב ירושליים,2024-03-11,2024-03-10 14:26:00.183
17035820,548500345,128,יונה בן אמיתי בית שמש,2024-03-13,2024-03-10 14:26:00.183
17035824,527653929,241,ארץ חפץ ירושליים,2024-03-11,2024-03-10 14:26:00.183
17035828,556750372,255,מר עוקבא - בית שמש,2024-03-13,2024-03-10 14:26:00.183
17035838,556709891,241,ארץ חפץ ירושליים,2024-03-11,2024-03-10 14:26:00.183
17035840,556721045,205,"רש""י ירושליים",2024-03-13,2024-03-10 14:26:00.183
17035844,527658488,162,מרים הנביאה בית שמש,2024-03-13,2024-03-10 14:26:00.183
17035853,7044,136,זכרון אברהם ירושליים,2024-03-11,2024-03-10 14:26:00.183
17035854,900,3,יהודה הנשיא מודיעין עילית,2024-03-12,2024-03-10 14:26:00.183
17035855,556668535,112,טבנקין נווה יעקב ירושליים,2024-03-11,2024-03-10 14:26:00.183
17035858,556685924,41,סנהדריה המורחבת ירושליים,2024-03-11,2024-03-10 14:26:00.183
17035862,556669565,163,ישיבת מצפה יריחו,2024-03-11,2024-03-10 14:26:00.183
17035871,527650589,65,עפולה עילית,2024-03-12,2024-03-10 14:26:00.183
17035874,556677021,236,לואי ליפסקי ירושליים,2024-03-11,2024-03-10 14:26:00.183
17035881,1657,229,סולם יעקב ירושליים,2024-03-11,2024-03-10 14:26:00.183
17035883,527646622,195,קרית מנחם ירושליים,2024-03-13,2024-03-10 14:26:00.183
17035885,527639885,135,שאדיקר נווה יעקב ירושליים,2024-03-11,2024-03-10 14:26:00.183
17035896,556658225,84,רמות פולין- ירושליים,2024-03-11,2024-03-10 14:26:00.183
17035902,556669431,215,משה דיין פסגת זאב,2024-03-11,2024-03-10 14:26:00.183
17035907,1478,4,רבי עקיבא מודיעין עילית,2024-03-12,2024-03-10 14:26:00.183
17035908,527643331,123,"מהרי""ל מודיעין עילית",2024-03-12,2024-03-10 14:26:00.183
17035911,556685864,251,שעלבים,2024-03-12,2024-03-10 14:26:00.183
17035915,556776126,121,המייסדים כפר אדומים,2024-03-11,2024-03-10 14:26:00.183
17035916,527646495,149,הר חומה ירושליים,2024-03-13,2024-03-10 14:26:00.183
17035920,527644970,123,"מהרי""ל מודיעין עילית",2024-03-12,2024-03-10 14:26:00.183
17035922,556652462,82,פאגי ירושליים,2024-03-11,2024-03-10 14:26:00.183
17035927,556679906,293,כנסת יחזקאל ביתר עילית,2024-03-13,2024-03-10 14:26:00.183
17035930,556812327,236,לואי ליפסקי ירושליים,2024-03-11,2024-03-10 14:26:00.183
17035939,556716597,188,נוה צבי ירושליים,2024-03-13,2024-03-10 14:26:00.183
17035943,527648306,38,רשבי מודיעין עילית,2024-03-12,2024-03-10 14:26:00.183
17035946,556668553,177,הבוכרים ירושליים,2024-03-11,2024-03-10 14:26:00.183
17035949,556750462,122,תל ציון (אהבת ישראל תחתון),2024-03-11,2024-03-10 14:26:00.183
17036297,1263,3,יהודה הנשיא מודיעין עילית,2024-03-12,2024-03-10 14:26:00.183
17036298,556678032,247,ירמיהו בית שמש,2024-03-13,2024-03-10 14:26:00.183
17036304,556795983,267,נריה,2024-03-12,2024-03-10 14:26:00.183
17036308,8663,231,נאות שמחה מודיעין עילית,2024-03-12,2024-03-10 14:26:00.183
17036309,556782819,246,שערי תשובה מודיעין עילית,2024-03-12,2024-03-10 14:26:00.183
17036310,556680551,153,צפת,2024-03-12,2024-03-10 14:26:00.183
17036311,3672,32,גבעת ירושלים בית שמש,2024-03-13,2024-03-10 14:26:00.183
17036318,556689420,99,רמת שלמה - ירושליים,2024-03-13,2024-03-10 14:26:00.183
17036324,556801925,141,אבא אחימאיר נווה יעקב ירושליים,2024-03-11,2024-03-10 14:26:00.183
17036325,556689850,163,ישיבת מצפה יריחו,2024-03-11,2024-03-10 14:26:00.183
17036326,1728,8,נאות הפיסגה מודיעין עילית,2024-03-12,2024-03-10 14:26:00.183
17036328,556651108,128,יונה בן אמיתי בית שמש,2024-03-13,2024-03-10 14:26:00.183
17036338,556778761,150,נג'ארה ירושליים,2024-03-13,2024-03-10 14:26:00.183
17036341,556774602,200,אהבת שלום תל ציון,2024-03-11,2024-03-10 14:26:00.183
17036344,556641889,122,תל ציון (אהבת ישראל תחתון),2024-03-11,2024-03-10 14:26:00.183
17036351,556680115,26,אביי ורבא מודיעין עילית,2024-03-12,2024-03-10 14:26:00.183
17036352,556692459,122,תל ציון (אהבת ישראל תחתון),2024-03-11,2024-03-10 14:26:00.183
17036356,556673377,41,סנהדריה המורחבת ירושליים,2024-03-11,2024-03-10 14:26:00.183
17036369,556660496,254,נרקיסים - נוף הגליל,2024-03-12,2024-03-10 14:26:00.183
17036371,556649553,236,לואי ליפסקי ירושליים,2024-03-11,2024-03-10 14:26:00.183
17036376,556668037,123,"מהרי""ל מודיעין עילית",2024-03-12,2024-03-10 14:26:00.183
17036383,556646238,68,בר אילן בית שמש,2024-03-13,2024-03-10 14:26:00.183
17036384,1391,4,רבי עקיבא מודיעין עילית,2024-03-12,2024-03-10 14:26:00.183
17036389,527660079,154,טבריה,2024-03-12,2024-03-10 14:26:00.183
17036393,556786387,267,נריה,2024-03-12,2024-03-10 14:26:00.183
17036398,527638637,39,גרין פארק מודיעין עילית,2024-03-12,2024-03-10 14:26:00.183
17036399,527639447,26,אביי ורבא מודיעין עילית,2024-03-12,2024-03-10 14:26:00.183
17036400,556683145,143,בית ישראל ירושליים,2024-03-11,2024-03-10 14:26:00.183
17036403,548499706,236,לואי ליפסקי ירושליים,2024-03-11,2024-03-10 14:26:00.183
17036407,556653664,82,פאגי ירושליים,2024-03-11,2024-03-10 14:26:00.183
17036425,556689852,131,מינץ ירושליים,2024-03-11,2024-03-10 14:26:00.183
17036429,4713,14,ליבו חפץ מודיעין עילית,2024-03-12,2024-03-10 14:26:00.183
17036434,556657243,137,אהל איתן נווה יעקב ירושליים,2024-03-11,2024-03-10 14:26:00.183
17036435,556644597,68,בר אילן בית שמש,2024-03-13,2024-03-10 14:26:00.183
17036447,556779283,138,חיל האוויר פסגת זאב,2024-03-11,2024-03-10 14:26:00.183
17036448,556678905,135,שאדיקר נווה יעקב ירושליים,2024-03-11,2024-03-10 14:26:00.183
17036449,527657484,135,שאדיקר נווה יעקב ירושליים,2024-03-11,2024-03-10 14:26:00.183
17036450,556643166,165,אבי עזרי מודיעין עילית,2024-03-12,2024-03-10 14:26:00.183
17036455,556664878,161,הרב חיות נווה יעקב ירושליים,2024-03-11,2024-03-10 14:26:00.183
17036473,556747661,150,נג'ארה ירושליים,2024-03-13,2024-03-10 14:26:00.183
17036474,527657697,229,סולם יעקב ירושליים,2024-03-11,2024-03-10 14:26:00.183
17036478,556696209,68,בר אילן בית שמש,2024-03-13,2024-03-10 14:26:00.183
17036482,556650261,115,משכנות יעקב ירושליים,2024-03-13,2024-03-10 14:26:00.183
17036486,556764377,263,"יביע אומר ביתר עילית ",2024-03-13,2024-03-10 14:26:00.183
17036492,556667524,122,תל ציון (אהבת ישראל תחתון),2024-03-11,2024-03-10 14:26:00.183
17036493,556643900,123,"מהרי""ל מודיעין עילית",2024-03-12,2024-03-10 14:26:00.183
17036497,527643763,123,"מהרי""ל מודיעין עילית",2024-03-12,2024-03-10 14:26:00.183
17036500,556767055,267,נריה,2024-03-12,2024-03-10 14:26:00.183
17036506,556664688,159,גבעת זאב,2024-03-11,2024-03-10 14:26:00.183
17036507,556755697,8,נאות הפיסגה מודיעין עילית,2024-03-12,2024-03-10 14:26:00.183
17036508,556690286,271,הרב שך ביתר עילית,2024-03-13,2024-03-10 14:26:00.183
17036512,548499817,58,חזון דוד מודיעין עילית,2024-03-12,2024-03-10 14:26:00.183
17036514,556770988,240,גדליה נוימן נווה יעקב ירושלים,2024-03-11,2024-03-10 14:26:00.183
17036530,556739603,238,בני דוד עלי,2024-03-11,2024-03-10 14:26:00.183
17036535,556648987,141,אבא אחימאיר נווה יעקב ירושליים,2024-03-11,2024-03-10 14:26:00.183
17036539,1088,3,יהודה הנשיא מודיעין עילית,2024-03-12,2024-03-10 14:26:00.183
17036540,556802575,159,גבעת זאב,2024-03-11,2024-03-10 14:26:00.183
17036542,556770973,296,"מצפה נבו מעלה אדומים ",2024-03-11,2024-03-10 14:26:00.183
17036549,556655208,166,הרב רביץ נווה יעקב ירושליים,2024-03-11,2024-03-10 14:26:00.183
17036558,556660308,253,צוקרמן נווה יעקב ירושליים,2024-03-11,2024-03-10 14:26:00.183
17036567,556676193,143,בית ישראל ירושליים,2024-03-11,2024-03-10 14:26:00.183
17036575,527649477,115,משכנות יעקב ירושליים,2024-03-13,2024-03-10 14:26:00.183
17036578,556780527,257,שילה,2024-03-11,2024-03-10 14:26:00.183
17036581,527641687,123,"מהרי""ל מודיעין עילית",2024-03-12,2024-03-10 14:26:00.183
17036596,3426,12,קצות החושן מודיעין עילית,2024-03-12,2024-03-10 14:26:00.183
17036597,527638348,123,"מהרי""ל מודיעין עילית",2024-03-12,2024-03-10 14:26:00.183
17036598,556712751,236,לואי ליפסקי ירושליים,2024-03-11,2024-03-10 14:26:00.183
17036600,527638427,124,דזיקוב בית שמש,2024-03-13,2024-03-10 14:26:00.183
17036602,527657374,131,מינץ ירושליים,2024-03-11,2024-03-10 14:26:00.183
17036606,556651528,99,רמת שלמה - ירושליים,2024-03-13,2024-03-10 14:26:00.183
17036609,556653033,282,אהבת ישראל תל ציון (עליון),2024-03-11,2024-03-10 14:26:00.183
17036611,527643402,6,קנה בושם בית שמש,2024-03-13,2024-03-10 14:26:00.183
17036613,3731,139,בית יצחק מודיעין עילית,2024-03-12,2024-03-10 14:26:00.183
17036614,923,2,אבני נזר מודיעין עילית,2024-03-12,2024-03-10 14:26:00.183
17036629,556796133,271,הרב שך ביתר עילית,2024-03-13,2024-03-10 14:26:00.183
17036643,527656676,241,ארץ חפץ ירושליים,2024-03-11,2024-03-10 14:26:00.183
17036655,556683137,171,נוף כנרת טבריה,2024-03-12,2024-03-10 14:26:00.183
17036657,556648591,133,משה סנה נווה יעקב,2024-03-11,2024-03-10 14:26:00.183
17036660,556654502,161,הרב חיות נווה יעקב ירושליים,2024-03-11,2024-03-10 14:26:00.183
17036662,556662661,3,יהודה הנשיא מודיעין עילית,2024-03-12,2024-03-10 14:26:00.183
17036663,556734017,83,גבעה A ביתר,2024-03-13,2024-03-10 14:26:00.183
17036669,11922,118,שלב ד בית שמש,2024-03-13,2024-03-10 14:26:00.183
17037060,556681085,173,דובר שלום נוף הגליל,2024-03-12,2024-03-10 14:26:00.183
17037063,527653393,300,ישמח ישראל ביתר עילית,2024-03-13,2024-03-10 14:26:00.183
17037068,556656004,137,אהל איתן נווה יעקב ירושליים,2024-03-11,2024-03-10 14:26:00.183
17037070,556746521,246,שערי תשובה מודיעין עילית,2024-03-12,2024-03-10 14:26:00.183
17037071,556681387,168,מגדל העמק,2024-03-12,2024-03-10 14:26:00.183
17037077,527656843,236,לואי ליפסקי ירושליים,2024-03-11,2024-03-10 14:26:00.183
17037081,11886,300,ישמח ישראל ביתר עילית,2024-03-13,2024-03-10 14:26:00.183
17037087,7316,8,נאות הפיסגה מודיעין עילית,2024-03-12,2024-03-10 14:26:00.183
17037089,556668773,163,ישיבת מצפה יריחו,2024-03-11,2024-03-10 14:26:00.183
17037099,556695533,133,משה סנה נווה יעקב,2024-03-11,2024-03-10 14:26:00.183
17037104,527639041,17,זנגוויל ירושליים,2024-03-13,2024-03-10 14:26:00.183
17037114,1582,26,אביי ורבא מודיעין עילית,2024-03-12,2024-03-10 14:26:00.183
17037116,556793607,211,רפפורט ירושליים,2024-03-11,2024-03-10 14:26:00.183
17037117,556720477,95,יוכבד בית שמש,2024-03-13,2024-03-10 14:26:00.183
17037119,556653917,61,לב שמחה בית שמש,2024-03-13,2024-03-10 14:26:00.183
17037121,556650415,172,מעלה הזיתים ירושליים,2024-03-11,2024-03-10 14:26:00.183
17037122,556690531,274,"לוחמי הגטאות צפת ",2024-03-12,2024-03-10 14:26:00.183
17037127,527656961,77,מבוא די זהב ירושליים,2024-03-11,2024-03-10 14:26:00.183
17037128,556733525,159,גבעת זאב,2024-03-11,2024-03-10 14:26:00.183
17037139,527653555,122,תל ציון (אהבת ישראל תחתון),2024-03-11,2024-03-10 14:26:00.183
17037144,556778427,161,הרב חיות נווה יעקב ירושליים,2024-03-11,2024-03-10 14:26:00.183
17037150,556666913,153,צפת,2024-03-12,2024-03-10 14:26:00.183
17037154,556759183,172,מעלה הזיתים ירושליים,2024-03-11,2024-03-10 14:26:00.183
17037155,556711591,269,רב עולא בית שמש,2024-03-13,2024-03-10 14:26:00.183
17037158,556658005,150,נג'ארה ירושליים,2024-03-13,2024-03-10 14:26:00.183
17037160,556664844,159,גבעת זאב,2024-03-11,2024-03-10 14:26:00.183
17037171,556702379,300,ישמח ישראל ביתר עילית,2024-03-13,2024-03-10 14:26:00.183
17037173,527658826,236,לואי ליפסקי ירושליים,2024-03-11,2024-03-10 14:26:00.183
17037180,556646618,166,הרב רביץ נווה יעקב ירושליים,2024-03-11,2024-03-10 14:26:00.183
17037188,527643694,204,אלישע הנביא בית שמש,2024-03-13,2024-03-10 14:26:00.183
17037192,527643776,39,גרין פארק מודיעין עילית,2024-03-12,2024-03-10 14:26:00.183
17037193,527656152,240,גדליה נוימן נווה יעקב ירושלים,2024-03-11,2024-03-10 14:26:00.183
17037196,527647707,58,חזון דוד מודיעין עילית,2024-03-12,2024-03-10 14:26:00.183
17037204,556668708,137,אהל איתן נווה יעקב ירושליים,2024-03-11,2024-03-10 14:26:00.183
17037206,556717641,118,שלב ד בית שמש,2024-03-13,2024-03-10 14:26:00.183
17037209,527643453,26,אביי ורבא מודיעין עילית,2024-03-12,2024-03-10 14:26:00.183
17037216,556644026,6,קנה בושם בית שמש,2024-03-13,2024-03-10 14:26:00.183
17037217,556685323,122,תל ציון (אהבת ישראל תחתון),2024-03-11,2024-03-10 14:26:00.183
17037223,556698433,177,הבוכרים ירושליים,2024-03-11,2024-03-10 14:26:00.183
17037227,556652546,83,גבעה A ביתר,2024-03-13,2024-03-10 14:26:00.183
17037236,556796722,122,תל ציון (אהבת ישראל תחתון),2024-03-11,2024-03-10 14:26:00.183
17037239,556683423,147,כרמיאל (שכ' הדרומית),2024-03-12,2024-03-10 14:26:00.183
17037240,556651773,83,גבעה A ביתר,2024-03-13,2024-03-10 14:26:00.183
17037242,556787463,27,חפציבה מודיעין עילית,2024-03-12,2024-03-10 14:26:00.183
17037245,527657528,57,רוממה ירושליים,2024-03-13,2024-03-10 14:26:00.183
17037247,556643555,293,כנסת יחזקאל ביתר עילית,2024-03-13,2024-03-10 14:26:00.183
17037251,527652813,273,עליית הנוער עפולה,2024-03-12,2024-03-10 14:26:00.183
17037253,527654813,82,פאגי ירושליים,2024-03-11,2024-03-10 14:26:00.183
17037254,556665633,273,עליית הנוער עפולה,2024-03-12,2024-03-10 14:26:00.183
17037257,548499372,247,ירמיהו בית שמש,2024-03-13,2024-03-10 14:26:00.183
17037261,527639837,113,נתיבות שלום מודיעין עילית,2024-03-12,2024-03-10 14:26:00.183
17037262,548499800,115,משכנות יעקב ירושליים,2024-03-13,2024-03-10 14:26:00.183
17037269,527637203,58,חזון דוד מודיעין עילית,2024-03-12,2024-03-10 14:26:00.183
17037273,556785208,267,נריה,2024-03-12,2024-03-10 14:26:00.183
17037277,527639727,12,קצות החושן מודיעין עילית,2024-03-12,2024-03-10 14:26:00.183
17037283,556661691,32,גבעת ירושלים בית שמש,2024-03-13,2024-03-10 14:26:00.183
17037284,527658556,16,שטרן ירושליים,2024-03-13,2024-03-10 14:26:00.183
17037286,556679261,266,האמוראים בית שמש,2024-03-13,2024-03-10 14:26:00.183
17037289,527647440,149,הר חומה ירושליים,2024-03-13,2024-03-10 14:26:00.183
17037368,548499225,77,מבוא די זהב ירושליים,2024-03-11,2024-03-10 14:26:00.183
17037373,556754643,50,נחל שורק בית שמש,2024-03-13,2024-03-10 14:26:00.183
17037381,527653307,112,טבנקין נווה יעקב ירושליים,2024-03-11,2024-03-10 14:26:00.183
17037384,5221,134,שאגת אריה מודיעין עילית,2024-03-12,2024-03-10 14:26:00.183
17037385,556654443,240,גדליה נוימן נווה יעקב ירושלים,2024-03-11,2024-03-10 14:26:00.183
17037390,556778200,252,נהרדעא בית שמש,2024-03-13,2024-03-10 14:26:00.183
17037391,556656866,147,כרמיאל (שכ' הדרומית),2024-03-12,2024-03-10 14:26:00.183
17037394,10954,8,נאות הפיסגה מודיעין עילית,2024-03-12,2024-03-10 14:26:00.183
17037397,556683371,94,שמואל הנביא ירושליים,2024-03-11,2024-03-10 14:26:00.183
17037398,556669682,124,דזיקוב בית שמש,2024-03-13,2024-03-10 14:26:00.183
17037409,556644264,236,לואי ליפסקי ירושליים,2024-03-11,2024-03-10 14:26:00.183
17037413,556735233,99,רמת שלמה - ירושליים,2024-03-13,2024-03-10 14:26:00.183
17037414,556764457,252,נהרדעא בית שמש,2024-03-13,2024-03-10 14:26:00.183
17037424,556680413,163,ישיבת מצפה יריחו,2024-03-11,2024-03-10 14:26:00.183
17037426,1544,26,אביי ורבא מודיעין עילית,2024-03-12,2024-03-10 14:26:00.183
17037429,556656531,141,אבא אחימאיר נווה יעקב ירושליים,2024-03-11,2024-03-10 14:26:00.183
17037433,556705581,68,בר אילן בית שמש,2024-03-13,2024-03-10 14:26:00.183
17037437,527653498,7,מרומי שדה מודיעין עילית,2024-03-12,2024-03-10 14:26:00.183
17037440,556652634,36,התמר ביתר,2024-03-13,2024-03-10 14:26:00.183
17037445,556788065,154,טבריה,2024-03-12,2024-03-10 14:26:00.183
17037448,556750761,271,הרב שך ביתר עילית,2024-03-13,2024-03-10 14:26:00.183
17037449,556769334,38,רשבי מודיעין עילית,2024-03-12,2024-03-10 14:26:00.183
17037450,556665038,128,יונה בן אמיתי בית שמש,2024-03-13,2024-03-10 14:26:00.183
17037861,556683456,135,שאדיקר נווה יעקב ירושליים,2024-03-11,2024-03-10 14:26:00.183
17037863,1669,113,נתיבות שלום מודיעין עילית,2024-03-12,2024-03-10 14:26:00.183
17037871,5943,2,אבני נזר מודיעין עילית,2024-03-12,2024-03-10 14:26:00.183
17037873,556661701,128,יונה בן אמיתי בית שמש,2024-03-13,2024-03-10 14:26:00.183
17037875,527655947,147,כרמיאל (שכ' הדרומית),2024-03-12,2024-03-10 14:26:00.183
17037880,556648401,166,הרב רביץ נווה יעקב ירושליים,2024-03-11,2024-03-10 14:26:00.183
17037887,556799673,268,הגבעה הצרפתית ירושליים,2024-03-11,2024-03-10 14:26:00.183
17037892,556706679,201,סופה בית אל,2024-03-11,2024-03-10 14:26:00.183
17037895,527658637,161,הרב חיות נווה יעקב ירושליים,2024-03-11,2024-03-10 14:26:00.183
17037896,556650767,149,הר חומה ירושליים,2024-03-13,2024-03-10 14:26:00.183
17037898,11873,36,התמר ביתר,2024-03-13,2024-03-10 14:26:00.183
17037899,556683951,253,צוקרמן נווה יעקב ירושליים,2024-03-11,2024-03-10 14:26:00.183
17037903,556688844,161,הרב חיות נווה יעקב ירושליים,2024-03-11,2024-03-10 14:26:00.183
17037905,556642222,122,תל ציון (אהבת ישראל תחתון),2024-03-11,2024-03-10 14:26:00.183
17037920,556664511,86,נווה יעקב-ירושלים,2024-03-11,2024-03-10 14:26:00.183
17037942,1854,7,מרומי שדה מודיעין עילית,2024-03-12,2024-03-10 14:26:00.183
17037946,556702341,185,גשר החיים ירושליים,2024-03-13,2024-03-10 14:26:00.183
17037948,527638914,24,דולב בית שמש,2024-03-13,2024-03-10 14:26:00.183
17037950,1653,8,נאות הפיסגה מודיעין עילית,2024-03-12,2024-03-10 14:26:00.183
17037952,527657917,14,ליבו חפץ מודיעין עילית,2024-03-12,2024-03-10 14:26:00.183
17037960,556650929,122,תל ציון (אהבת ישראל תחתון),2024-03-11,2024-03-10 14:26:00.183
17037962,556680494,16,שטרן ירושליים,2024-03-13,2024-03-10 14:26:00.183
17037963,556785740,267,נריה,2024-03-12,2024-03-10 14:26:00.183
17037967,556652556,134,שאגת אריה מודיעין עילית,2024-03-12,2024-03-10 14:26:00.183
17037969,527662330,7,מרומי שדה מודיעין עילית,2024-03-12,2024-03-10 14:26:00.183
17037974,556642504,122,תל ציון (אהבת ישראל תחתון),2024-03-11,2024-03-10 14:26:00.183
17037977,2015,7,מרומי שדה מודיעין עילית,2024-03-12,2024-03-10 14:26:00.183
17037986,527641794,82,פאגי ירושליים,2024-03-11,2024-03-10 14:26:00.183
17037994,527644543,262,רמת הנביאים בית שמש,2024-03-13,2024-03-10 14:26:00.183
17037996,527654550,84,רמות פולין- ירושליים,2024-03-11,2024-03-10 14:26:00.183
17038008,556665213,76,ויקטור ויוליוס נווה יעקב,2024-03-11,2024-03-10 14:26:00.183
17038009,556652471,123,"מהרי""ל מודיעין עילית",2024-03-12,2024-03-10 14:26:00.183
17038019,556664513,141,אבא אחימאיר נווה יעקב ירושליים,2024-03-11,2024-03-10 14:26:00.183
17038023,556677226,161,הרב חיות נווה יעקב ירושליים,2024-03-11,2024-03-10 14:26:00.183
17038024,556723261,159,גבעת זאב,2024-03-11,2024-03-10 14:26:00.183
17038038,556779600,236,לואי ליפסקי ירושליים,2024-03-11,2024-03-10 14:26:00.183
17038041,556803262,77,מבוא די זהב ירושליים,2024-03-11,2024-03-10 14:26:00.183
17038047,556741815,201,סופה בית אל,2024-03-11,2024-03-10 14:26:00.183
17038053,13184,37,קרלין מודיעין עילית,2024-03-12,2024-03-10 14:26:00.183
17038059,556683025,177,הבוכרים ירושליים,2024-03-11,2024-03-10 14:26:00.183
17038061,556672743,217,בר יקר נווה יעקב,2024-03-11,2024-03-10 14:26:00.183
17038064,556647553,50,נחל שורק בית שמש,2024-03-13,2024-03-10 14:26:00.183
17038068,4020,137,אהל איתן נווה יעקב ירושליים,2024-03-11,2024-03-10 14:26:00.183
17038073,556778429,266,האמוראים בית שמש,2024-03-13,2024-03-10 14:26:00.183
17038074,527642261,39,גרין פארק מודיעין עילית,2024-03-12,2024-03-10 14:26:00.183
17038075,556653298,136,זכרון אברהם ירושליים,2024-03-11,2024-03-10 14:26:00.183
17038084,556707267,192,רב זירא בית שמש,2024-03-13,2024-03-10 14:26:00.183
17038088,556695603,87,ענתות גבעת זאב,2024-03-11,2024-03-10 14:26:00.183
17038090,556674048,204,אלישע הנביא בית שמש,2024-03-13,2024-03-10 14:26:00.183
17038094,556697981,191,שפינוזה עפולה,2024-03-12,2024-03-10 14:26:00.183
17038102,527644294,149,הר חומה ירושליים,2024-03-13,2024-03-10 14:26:00.183
17038108,527654200,166,הרב רביץ נווה יעקב ירושליים,2024-03-11,2024-03-10 14:26:00.183
17038118,527643938,124,דזיקוב בית שמש,2024-03-13,2024-03-10 14:26:00.183
17038127,527646432,50,נחל שורק בית שמש,2024-03-13,2024-03-10 14:26:00.183
17038128,556722317,186,יעקב אלעזר ירושליים,2024-03-11,2024-03-10 14:26:00.183
17038131,162,134,שאגת אריה מודיעין עילית,2024-03-12,2024-03-10 14:26:00.183
17038134,556662977,252,נהרדעא בית שמש,2024-03-13,2024-03-10 14:26:00.183
17038137,556769420,86,נווה יעקב-ירושלים,2024-03-11,2024-03-10 14:26:00.183
17038145,556728189,8,נאות הפיסגה מודיעין עילית,2024-03-12,2024-03-10 14:26:00.183
17038148,556689212,159,גבעת זאב,2024-03-11,2024-03-10 14:26:00.183
17038151,556730061,68,בר אילן בית שמש,2024-03-13,2024-03-10 14:26:00.183
17038152,556788241,267,נריה,2024-03-12,2024-03-10 14:26:00.183
17038153,556739493,57,רוממה ירושליים,2024-03-13,2024-03-10 14:26:00.183
17038156,7270,24,דולב בית שמש,2024-03-13,2024-03-10 14:26:00.183
17038157,556683800,278,ברכיה בית שמש,2024-03-13,2024-03-10 14:26:00.183
17038161,556675820,247,ירמיהו בית שמש,2024-03-13,2024-03-10 14:26:00.183
17038165,556647694,247,ירמיהו בית שמש,2024-03-13,2024-03-10 14:26:00.183
17038171,556679759,128,יונה בן אמיתי בית שמש,2024-03-13,2024-03-10 14:26:00.183
17038179,3419,134,שאגת אריה מודיעין עילית,2024-03-12,2024-03-10 14:26:00.183
17038183,12543,36,התמר ביתר,2024-03-13,2024-03-10 14:26:00.183
17038185,527661562,137,אהל איתן נווה יעקב ירושליים,2024-03-11,2024-03-10 14:26:00.183
17038187,556772482,205,"רש""י ירושליים",2024-03-13,2024-03-10 14:26:00.183
17038190,556651325,141,אבא אחימאיר נווה יעקב ירושליים,2024-03-11,2024-03-10 14:26:00.183
17038192,556648648,141,אבא אחימאיר נווה יעקב ירושליים,2024-03-11,2024-03-10 14:26:00.183
17038194,556776271,47,מעלה אדומים,2024-03-11,2024-03-10 14:26:00.183
17038203,556779333,150,נג'ארה ירושליים,2024-03-13,2024-03-10 14:26:00.183
17038224,556664911,159,גבעת זאב,2024-03-11,2024-03-10 14:26:00.183
17038229,556709883,123,"מהרי""ל מודיעין עילית",2024-03-12,2024-03-10 14:26:00.183
17038230,556788746,36,התמר ביתר,2024-03-13,2024-03-10 14:26:00.183
17038231,556762699,266,האמוראים בית שמש,2024-03-13,2024-03-10 14:26:00.183
17038239,9857,24,דולב בית שמש,2024-03-13,2024-03-10 14:26:00.183
17038245,556648911,109,עידו הנביא בית שמש,2024-03-13,2024-03-10 14:26:00.183
17038257,556646727,115,משכנות יעקב ירושליים,2024-03-13,2024-03-10 14:26:00.183
17038757,527640373,140,גולאק נווה יעקב ירושליים,2024-03-11,2024-03-10 14:26:00.183
17038759,556671895,293,כנסת יחזקאל ביתר עילית,2024-03-13,2024-03-10 14:26:00.183
17038761,527658694,191,שפינוזה עפולה,2024-03-12,2024-03-10 14:26:00.183
17038765,556662725,12,קצות החושן מודיעין עילית,2024-03-12,2024-03-10 14:26:00.183
17038767,556686027,82,פאגי ירושליים,2024-03-11,2024-03-10 14:26:00.183
17038777,527651719,262,רמת הנביאים בית שמש,2024-03-13,2024-03-10 14:26:00.183
17038779,556722431,181,זאב חקלאי ירושליים,2024-03-13,2024-03-10 14:26:00.183
17038792,556772580,283,מבוא חורון,2024-03-12,2024-03-10 14:26:00.183
17038793,556668121,161,הרב חיות נווה יעקב ירושליים,2024-03-11,2024-03-10 14:26:00.183
17038795,556742685,36,התמר ביתר,2024-03-13,2024-03-10 14:26:00.183
17038800,527637249,24,דולב בית שמש,2024-03-13,2024-03-10 14:26:00.183
17038805,556745757,219,קצרין,2024-03-12,2024-03-10 14:26:00.183
17038807,556642806,115,משכנות יעקב ירושליים,2024-03-13,2024-03-10 14:26:00.183
17038810,226,123,"מהרי""ל מודיעין עילית",2024-03-12,2024-03-10 14:26:00.183
17038815,556661976,123,"מהרי""ל מודיעין עילית",2024-03-12,2024-03-10 14:26:00.183
17038817,556680714,267,נריה,2024-03-12,2024-03-10 14:26:00.183
17038826,556696583,171,נוף כנרת טבריה,2024-03-12,2024-03-10 14:26:00.183
17038827,556816794,24,דולב בית שמש,2024-03-13,2024-03-10 14:26:00.183
17038843,4965,2,אבני נזר מודיעין עילית,2024-03-12,2024-03-10 14:26:00.183
17038851,556695471,77,מבוא די זהב ירושליים,2024-03-11,2024-03-10 14:26:00.183
17038852,556749703,241,ארץ חפץ ירושליים,2024-03-11,2024-03-10 14:26:00.183
17038857,556723737,278,ברכיה בית שמש,2024-03-13,2024-03-10 14:26:00.183
17038859,527655006,150,נג'ארה ירושליים,2024-03-13,2024-03-10 14:26:00.183
17038862,873,227,רבי טרפון מודיעין עילית,2024-03-12,2024-03-10 14:26:00.183
17038868,527660098,275,הרב פניז'ל נווה יעקב ירושליים,2024-03-11,2024-03-10 14:26:00.183
17038870,556766229,140,גולאק נווה יעקב ירושליים,2024-03-11,2024-03-10 14:26:00.183
17038872,556706927,201,סופה בית אל,2024-03-11,2024-03-10 14:26:00.183
17038891,556791893,268,הגבעה הצרפתית ירושליים,2024-03-11,2024-03-10 14:26:00.183
17038893,556657537,136,זכרון אברהם ירושליים,2024-03-11,2024-03-10 14:26:00.183
17038894,527658770,99,רמת שלמה - ירושליים,2024-03-13,2024-03-10 14:26:00.183
17038896,556788688,269,רב עולא בית שמש,2024-03-13,2024-03-10 14:26:00.183
17038898,556656639,236,לואי ליפסקי ירושליים,2024-03-11,2024-03-10 14:26:00.183
17038902,527653714,241,ארץ חפץ ירושליים,2024-03-11,2024-03-10 14:26:00.183
17038912,556665437,65,עפולה עילית,2024-03-12,2024-03-10 14:26:00.183
17038913,527643406,6,קנה בושם בית שמש,2024-03-13,2024-03-10 14:26:00.183
17038919,556678720,136,זכרון אברהם ירושליים,2024-03-11,2024-03-10 14:26:00.183
17038933,556674609,186,יעקב אלעזר ירושליים,2024-03-11,2024-03-10 14:26:00.183
17038936,1698,127,עטרת שלמה מודיעין עילית,2024-03-12,2024-03-10 14:26:00.183
17038958,556783773,39,גרין פארק מודיעין עילית,2024-03-12,2024-03-10 14:26:00.183
17038962,556684115,97,גבעת שאול - ירושליים,2024-03-13,2024-03-10 14:26:00.183
17038965,527643436,8,נאות הפיסגה מודיעין עילית,2024-03-12,2024-03-10 14:26:00.183
17038981,556743727,204,אלישע הנביא בית שמש,2024-03-13,2024-03-10 14:26:00.183
17038989,556648984,247,ירמיהו בית שמש,2024-03-13,2024-03-10 14:26:00.183
17039008,556659653,94,שמואל הנביא ירושליים,2024-03-11,2024-03-10 14:26:00.183
17039013,527653847,137,אהל איתן נווה יעקב ירושליים,2024-03-11,2024-03-10 14:26:00.183
17039015,556648040,99,רמת שלמה - ירושליים,2024-03-13,2024-03-10 14:26:00.183
17039018,8222,113,נתיבות שלום מודיעין עילית,2024-03-12,2024-03-10 14:26:00.183
17039024,556664936,12,קצות החושן מודיעין עילית,2024-03-12,2024-03-10 14:26:00.183
17039028,556801719,279,כפר תפוח,2024-03-11,2024-03-10 14:26:00.183
17039029,556770821,131,מינץ ירושליים,2024-03-11,2024-03-10 14:26:00.183
17039030,527663120,159,גבעת זאב,2024-03-11,2024-03-10 14:26:00.183
17039033,556802551,205,"רש""י ירושליים",2024-03-13,2024-03-10 14:26:00.183
17039035,556680728,181,זאב חקלאי ירושליים,2024-03-13,2024-03-10 14:26:00.183
17039038,556683272,236,לואי ליפסקי ירושליים,2024-03-11,2024-03-10 14:26:00.183
17039057,556683670,154,טבריה,2024-03-12,2024-03-10 14:26:00.183
17039058,527662502,131,מינץ ירושליים,2024-03-11,2024-03-10 14:26:00.183
17039060,4519,24,דולב בית שמש,2024-03-13,2024-03-10 14:26:00.183
17039061,527656720,50,נחל שורק בית שמש,2024-03-13,2024-03-10 14:26:00.183
17039064,39,96,שער המלך מודיעין עילית,2024-03-12,2024-03-10 14:26:00.183
17039070,556681050,187,גבעת מרדכי ירושליים,2024-03-13,2024-03-10 14:26:00.183
17039075,556644315,141,אבא אחימאיר נווה יעקב ירושליים,2024-03-11,2024-03-10 14:26:00.183
17039079,556664935,217,בר יקר נווה יעקב,2024-03-11,2024-03-10 14:26:00.183
17039084,556702481,24,דולב בית שמש,2024-03-13,2024-03-10 14:26:00.183
17039092,556725953,149,הר חומה ירושליים,2024-03-13,2024-03-10 14:26:00.183
17039096,556707571,191,שפינוזה עפולה,2024-03-12,2024-03-10 14:26:00.183
17039099,556659920,282,אהבת ישראל תל ציון (עליון),2024-03-11,2024-03-10 14:26:00.183
17039101,11443,24,דולב בית שמש,2024-03-13,2024-03-10 14:26:00.183
17039108,556747731,257,שילה,2024-03-11,2024-03-10 14:26:00.183
17039112,556656661,36,התמר ביתר,2024-03-13,2024-03-10 14:26:00.183
17039113,556641001,99,רמת שלמה - ירושליים,2024-03-13,2024-03-10 14:26:00.183
17039118,527661776,137,אהל איתן נווה יעקב ירושליים,2024-03-11,2024-03-10 14:26:00.183
17039121,556678071,300,ישמח ישראל ביתר עילית,2024-03-13,2024-03-10 14:26:00.183
17039124,556669821,172,מעלה הזיתים ירושליים,2024-03-11,2024-03-10 14:26:00.183
17039139,1603,4,רבי עקיבא מודיעין עילית,2024-03-12,2024-03-10 14:26:00.183
17039142,556713593,171,נוף כנרת טבריה,2024-03-12,2024-03-10 14:26:00.183
17039148,556688700,205,"רש""י ירושליים",2024-03-13,2024-03-10 14:26:00.183
17039162,556648789,57,רוממה ירושליים,2024-03-13,2024-03-10 14:26:00.183
17039166,1173,3,יהודה הנשיא מודיעין עילית,2024-03-12,2024-03-10 14:26:00.183
17039169,556704241,139,בית יצחק מודיעין עילית,2024-03-12,2024-03-10 14:26:00.183
17039170,556769365,150,נג'ארה ירושליים,2024-03-13,2024-03-10 14:26:00.183
17039192,556688614,58,חזון דוד מודיעין עילית,2024-03-12,2024-03-10 14:26:00.183
17039197,556663298,233,ריש לקיש בית שמש,2024-03-13,2024-03-10 14:26:00.183
17039202,556776713,122,תל ציון (אהבת ישראל תחתון),2024-03-11,2024-03-10 14:26:00.183
17039204,556647610,259,היכל נפתלי - מודיעין עילית,2024-03-12,2024-03-10 14:26:00.183
17039208,4645,27,חפציבה מודיעין עילית,2024-03-12,2024-03-10 14:26:00.183
17039634,527658124,56,רשבם מודיעין עילית,2024-03-12,2024-03-10 14:26:00.183
17039638,1592,26,אביי ורבא מודיעין עילית,2024-03-12,2024-03-10 14:26:00.183
17039641,556736147,241,ארץ חפץ ירושליים,2024-03-11,2024-03-10 14:26:00.183
17039649,556678361,21,בית תפילה מודיעין עילית,2024-03-12,2024-03-10 14:26:00.183
17039651,556684356,133,משה סנה נווה יעקב,2024-03-11,2024-03-10 14:26:00.183
17039653,556713071,123,"מהרי""ל מודיעין עילית",2024-03-12,2024-03-10 14:26:00.183
17039654,527662573,122,תל ציון (אהבת ישראל תחתון),2024-03-11,2024-03-10 14:26:00.183
17039658,556644637,109,עידו הנביא בית שמש,2024-03-13,2024-03-10 14:26:00.183
17039659,556668921,161,הרב חיות נווה יעקב ירושליים,2024-03-11,2024-03-10 14:26:00.183
17039661,556785321,263,"יביע אומר ביתר עילית ",2024-03-13,2024-03-10 14:26:00.183
17039665,4872,164,מישאל מזרחי פסגת זאב,2024-03-11,2024-03-10 14:26:00.183
17039670,556726671,201,סופה בית אל,2024-03-11,2024-03-10 14:26:00.183
17039682,556809703,283,מבוא חורון,2024-03-12,2024-03-10 14:26:00.183
17039690,556686943,153,צפת,2024-03-12,2024-03-10 14:26:00.183
17039694,527660769,99,רמת שלמה - ירושליים,2024-03-13,2024-03-10 14:26:00.183
17039695,556644408,26,אביי ורבא מודיעין עילית,2024-03-12,2024-03-10 14:26:00.183
17039700,527660618,58,חזון דוד מודיעין עילית,2024-03-12,2024-03-10 14:26:00.183
17039706,556652204,39,גרין פארק מודיעין עילית,2024-03-12,2024-03-10 14:26:00.183
17039709,556656631,86,נווה יעקב-ירושלים,2024-03-11,2024-03-10 14:26:00.183
17039713,556767609,159,גבעת זאב,2024-03-11,2024-03-10 14:26:00.183
17039716,556813092,188,נוה צבי ירושליים,2024-03-13,2024-03-10 14:26:00.183
17039720,556641380,247,ירמיהו בית שמש,2024-03-13,2024-03-10 14:26:00.183
17039721,527642593,50,נחל שורק בית שמש,2024-03-13,2024-03-10 14:26:00.183
17039727,556685981,253,צוקרמן נווה יעקב ירושליים,2024-03-11,2024-03-10 14:26:00.183
17039728,556770227,144,יבניאל,2024-03-12,2024-03-10 14:26:00.183
17039731,527653018,84,רמות פולין- ירושליים,2024-03-11,2024-03-10 14:26:00.183
17039732,556687998,159,גבעת זאב,2024-03-11,2024-03-10 14:26:00.183
17039735,556702263,123,"מהרי""ל מודיעין עילית",2024-03-12,2024-03-10 14:26:00.183
17039741,527658434,77,מבוא די זהב ירושליים,2024-03-11,2024-03-10 14:26:00.183
17039743,556730145,254,נרקיסים - נוף הגליל,2024-03-12,2024-03-10 14:26:00.183
17039769,556677678,174,בתי הורנשטיין ירושליים,2024-03-13,2024-03-10 14:26:00.183
17039776,556701315,153,צפת,2024-03-12,2024-03-10 14:26:00.183
17039788,556730271,233,ריש לקיש בית שמש,2024-03-13,2024-03-10 14:26:00.183
17039803,556693901,163,ישיבת מצפה יריחו,2024-03-11,2024-03-10 14:26:00.183
17039810,556677895,162,מרים הנביאה בית שמש,2024-03-13,2024-03-10 14:26:00.183
17039814,556673423,86,נווה יעקב-ירושלים,2024-03-11,2024-03-10 14:26:00.183
17039816,556657123,300,ישמח ישראל ביתר עילית,2024-03-13,2024-03-10 14:26:00.183
17039818,556736429,217,בר יקר נווה יעקב,2024-03-11,2024-03-10 14:26:00.183
17039819,556686209,109,עידו הנביא בית שמש,2024-03-13,2024-03-10 14:26:00.183
17039820,527645379,58,חזון דוד מודיעין עילית,2024-03-12,2024-03-10 14:26:00.183
17039821,556656305,147,כרמיאל (שכ' הדרומית),2024-03-12,2024-03-10 14:26:00.183
17039823,527648444,99,רמת שלמה - ירושליים,2024-03-13,2024-03-10 14:26:00.183
17039828,556671038,12,קצות החושן מודיעין עילית,2024-03-12,2024-03-10 14:26:00.183
17039831,548500136,99,רמת שלמה - ירושליים,2024-03-13,2024-03-10 14:26:00.183
17039834,556761077,86,נווה יעקב-ירושלים,2024-03-11,2024-03-10 14:26:00.183
17039836,527662070,57,רוממה ירושליים,2024-03-13,2024-03-10 14:26:00.183
17039841,527659768,82,פאגי ירושליים,2024-03-11,2024-03-10 14:26:00.183
17039842,556669157,166,הרב רביץ נווה יעקב ירושליים,2024-03-11,2024-03-10 14:26:00.183
17039843,11359,27,חפציבה מודיעין עילית,2024-03-12,2024-03-10 14:26:00.183
17039851,556696835,87,ענתות גבעת זאב,2024-03-11,2024-03-10 14:26:00.183
17039859,4918,21,בית תפילה מודיעין עילית,2024-03-12,2024-03-10 14:26:00.183
17039860,556656108,134,שאגת אריה מודיעין עילית,2024-03-12,2024-03-10 14:26:00.183
17039864,556745197,201,סופה בית אל,2024-03-11,2024-03-10 14:26:00.183
17039872,527639749,123,"מהרי""ל מודיעין עילית",2024-03-12,2024-03-10 14:26:00.183
17039882,556702723,137,אהל איתן נווה יעקב ירושליים,2024-03-11,2024-03-10 14:26:00.183
17039885,527658725,84,רמות פולין- ירושליים,2024-03-11,2024-03-10 14:26:00.183
17039890,556674173,254,נרקיסים - נוף הגליל,2024-03-12,2024-03-10 14:26:00.183
17039894,556660591,229,סולם יעקב ירושליים,2024-03-11,2024-03-10 14:26:00.183
17039898,1626,8,נאות הפיסגה מודיעין עילית,2024-03-12,2024-03-10 14:26:00.183
17039902,556797436,164,מישאל מזרחי פסגת זאב,2024-03-11,2024-03-10 14:26:00.183
17039903,556655371,57,רוממה ירושליים,2024-03-13,2024-03-10 14:26:00.183
17039910,556790413,201,סופה בית אל,2024-03-11,2024-03-10 14:26:00.183
17039916,556749155,123,"מהרי""ל מודיעין עילית",2024-03-12,2024-03-10 14:26:00.183
17039919,556663659,165,אבי עזרי מודיעין עילית,2024-03-12,2024-03-10 14:26:00.183
17039922,556677662,166,הרב רביץ נווה יעקב ירושליים,2024-03-11,2024-03-10 14:26:00.183
17040010,556729169,64,"הרב בנדר ביתר עילית ",2024-03-13,2024-03-10 14:26:00.183
17040013,556750252,99,רמת שלמה - ירושליים,2024-03-13,2024-03-10 14:26:00.183
17040019,556781300,64,"הרב בנדר ביתר עילית ",2024-03-13,2024-03-10 14:26:00.183
17040020,556731455,99,רמת שלמה - ירושליים,2024-03-13,2024-03-10 14:26:00.183
17040025,527661874,229,סולם יעקב ירושליים,2024-03-11,2024-03-10 14:26:00.183
17040029,527659432,253,צוקרמן נווה יעקב ירושליים,2024-03-11,2024-03-10 14:26:00.183
17040034,556713769,122,תל ציון (אהבת ישראל תחתון),2024-03-11,2024-03-10 14:26:00.183
17040045,556641881,99,רמת שלמה - ירושליים,2024-03-13,2024-03-10 14:26:00.183
17040048,527643662,209,קהילות יעקב מודיעין עילית,2024-03-12,2024-03-10 14:26:00.183
17040051,556679934,159,גבעת זאב,2024-03-11,2024-03-10 14:26:00.183
17040060,556801861,166,הרב רביץ נווה יעקב ירושליים,2024-03-11,2024-03-10 14:26:00.183
17040065,556661410,127,עטרת שלמה מודיעין עילית,2024-03-12,2024-03-10 14:26:00.183
17040066,556693683,76,ויקטור ויוליוס נווה יעקב,2024-03-11,2024-03-10 14:26:00.183
17040075,529,26,אביי ורבא מודיעין עילית,2024-03-12,2024-03-10 14:26:00.183
17040076,556814637,257,שילה,2024-03-11,2024-03-10 14:26:00.183
17040077,5451,37,קרלין מודיעין עילית,2024-03-12,2024-03-10 14:26:00.183
17040095,527650594,85,עפולה גבעת המורה,2024-03-12,2024-03-10 14:26:00.183
17040500,556707395,166,הרב רביץ נווה יעקב ירושליים,2024-03-11,2024-03-10 14:26:00.183
17040502,548500175,94,שמואל הנביא ירושליים,2024-03-11,2024-03-10 14:26:00.183
17040503,527652562,3,יהודה הנשיא מודיעין עילית,2024-03-12,2024-03-10 14:26:00.183
17040506,556659644,82,פאגי ירושליים,2024-03-11,2024-03-10 14:26:00.183
17040518,556669168,166,הרב רביץ נווה יעקב ירושליים,2024-03-11,2024-03-10 14:26:00.183
17040519,556809236,133,משה סנה נווה יעקב,2024-03-11,2024-03-10 14:26:00.183
17040529,556654576,191,שפינוזה עפולה,2024-03-12,2024-03-10 14:26:00.183
17040534,8029,113,נתיבות שלום מודיעין עילית,2024-03-12,2024-03-10 14:26:00.183
17040539,548499857,111,הר יונה נוף הגליל,2024-03-12,2024-03-10 14:26:00.183
17040548,556760695,257,שילה,2024-03-11,2024-03-10 14:26:00.183
17040552,556656342,147,כרמיאל (שכ' הדרומית),2024-03-12,2024-03-10 14:26:00.183
17040556,556688304,123,"מהרי""ל מודיעין עילית",2024-03-12,2024-03-10 14:26:00.183
17040557,964,3,יהודה הנשיא מודיעין עילית,2024-03-12,2024-03-10 14:26:00.183
17040558,527663019,86,נווה יעקב-ירושלים,2024-03-11,2024-03-10 14:26:00.183
17040567,556789276,84,רמות פולין- ירושליים,2024-03-11,2024-03-10 14:26:00.183
17040592,556700067,36,התמר ביתר,2024-03-13,2024-03-10 14:26:00.183
17040593,1776,127,עטרת שלמה מודיעין עילית,2024-03-12,2024-03-10 14:26:00.183
17040602,556674762,128,יונה בן אמיתי בית שמש,2024-03-13,2024-03-10 14:26:00.183
17040619,527644155,65,עפולה עילית,2024-03-12,2024-03-10 14:26:00.183
17040621,527658131,275,הרב פניז'ל נווה יעקב ירושליים,2024-03-11,2024-03-10 14:26:00.183
17040635,556661600,36,התמר ביתר,2024-03-13,2024-03-10 14:26:00.183
17040637,556784021,300,ישמח ישראל ביתר עילית,2024-03-13,2024-03-10 14:26:00.183
17040638,527654220,83,גבעה A ביתר,2024-03-13,2024-03-10 14:26:00.183
17040640,556665575,109,עידו הנביא בית שמש,2024-03-13,2024-03-10 14:26:00.183
17040644,556683021,204,אלישע הנביא בית שמש,2024-03-13,2024-03-10 14:26:00.183
17040649,527650787,181,זאב חקלאי ירושליים,2024-03-13,2024-03-10 14:26:00.183
17040655,556685086,174,בתי הורנשטיין ירושליים,2024-03-13,2024-03-10 14:26:00.183
17040657,556800945,247,ירמיהו בית שמש,2024-03-13,2024-03-10 14:26:00.183
17040661,12900,227,רבי טרפון מודיעין עילית,2024-03-12,2024-03-10 14:26:00.183
17040667,556674404,231,נאות שמחה מודיעין עילית,2024-03-12,2024-03-10 14:26:00.183
17040673,556731155,171,נוף כנרת טבריה,2024-03-12,2024-03-10 14:26:00.183
17040681,556642533,118,שלב ד בית שמש,2024-03-13,2024-03-10 14:26:00.183
17040687,2005,37,קרלין מודיעין עילית,2024-03-12,2024-03-10 14:26:00.183
17040692,548499536,275,הרב פניז'ל נווה יעקב ירושליים,2024-03-11,2024-03-10 14:26:00.183
17040704,556677403,181,זאב חקלאי ירושליים,2024-03-13,2024-03-10 14:26:00.183
17040711,556683342,159,גבעת זאב,2024-03-11,2024-03-10 14:26:00.183
17040714,527657102,217,בר יקר נווה יעקב,2024-03-11,2024-03-10 14:26:00.183
17040717,556799793,36,התמר ביתר,2024-03-13,2024-03-10 14:26:00.183
17040719,556713533,163,ישיבת מצפה יריחו,2024-03-11,2024-03-10 14:26:00.183
17040721,527647655,68,בר אילן בית שמש,2024-03-13,2024-03-10 14:26:00.183
17040738,527647823,38,רשבי מודיעין עילית,2024-03-12,2024-03-10 14:26:00.183
17040740,556716547,36,התמר ביתר,2024-03-13,2024-03-10 14:26:00.183
17040745,10415,13,מסילת יוסף מודיעין עילית,2024-03-12,2024-03-10 14:26:00.183
17040754,556680392,255,מר עוקבא - בית שמש,2024-03-13,2024-03-10 14:26:00.183
17040761,556693357,223,תכלת מרדכי בית שמש,2024-03-13,2024-03-10 14:26:00.183
17040762,527657680,37,קרלין מודיעין עילית,2024-03-12,2024-03-10 14:26:00.183
17040764,556660777,144,יבניאל,2024-03-12,2024-03-10 14:26:00.183
17040765,556692979,188,נוה צבי ירושליים,2024-03-13,2024-03-10 14:26:00.183
17040772,556704091,94,שמואל הנביא ירושליים,2024-03-11,2024-03-10 14:26:00.183
17040777,556680097,68,בר אילן בית שמש,2024-03-13,2024-03-10 14:26:00.183
17040795,527646502,50,נחל שורק בית שמש,2024-03-13,2024-03-10 14:26:00.183
17040806,4908,21,בית תפילה מודיעין עילית,2024-03-12,2024-03-10 14:26:00.183
17040810,556786437,174,בתי הורנשטיין ירושליים,2024-03-13,2024-03-10 14:26:00.183
17040811,556796366,229,סולם יעקב ירושליים,2024-03-11,2024-03-10 14:26:00.183
17040816,556704477,247,ירמיהו בית שמש,2024-03-13,2024-03-10 14:26:00.183
17040823,556664908,111,הר יונה נוף הגליל,2024-03-12,2024-03-10 14:26:00.183
17040824,556803953,109,עידו הנביא בית שמש,2024-03-13,2024-03-10 14:26:00.183
17040826,556679978,293,כנסת יחזקאל ביתר עילית,2024-03-13,2024-03-10 14:26:00.183
17040827,556673523,140,גולאק נווה יעקב ירושליים,2024-03-11,2024-03-10 14:26:00.183
17040831,556675623,131,מינץ ירושליים,2024-03-11,2024-03-10 14:26:00.183
17040834,527662453,32,גבעת ירושלים בית שמש,2024-03-13,2024-03-10 14:26:00.183
17040839,527653003,140,גולאק נווה יעקב ירושליים,2024-03-11,2024-03-10 14:26:00.183
17040843,3210,2,אבני נזר מודיעין עילית,2024-03-12,2024-03-10 14:26:00.183
17040847,556640816,259,היכל נפתלי - מודיעין עילית,2024-03-12,2024-03-10 14:26:00.183
17040852,556789054,258,גן הדסים - מודיעין עילית,2024-03-12,2024-03-10 14:26:00.183
17040853,556684202,159,גבעת זאב,2024-03-11,2024-03-10 14:26:00.183
17040858,556689322,200,אהבת שלום תל ציון,2024-03-11,2024-03-10 14:26:00.183
17040865,556698383,12,קצות החושן מודיעין עילית,2024-03-12,2024-03-10 14:26:00.183
17040869,2184,6,קנה בושם בית שמש,2024-03-13,2024-03-10 14:26:00.183
17040873,556708777,204,אלישע הנביא בית שמש,2024-03-13,2024-03-10 14:26:00.183
17040876,556668834,109,עידו הנביא בית שמש,2024-03-13,2024-03-10 14:26:00.183
17040883,527656566,217,בר יקר נווה יעקב,2024-03-11,2024-03-10 14:26:00.183
17040887,527639335,274,"לוחמי הגטאות צפת ",2024-03-12,2024-03-10 14:26:00.183
17040891,556680478,149,הר חומה ירושליים,2024-03-13,2024-03-10 14:26:00.183
17040896,556756525,24,דולב בית שמש,2024-03-13,2024-03-10 14:26:00.183
17040899,556768848,201,סופה בית אל,2024-03-11,2024-03-10 14:26:00.183
17040901,556662623,147,כרמיאל (שכ' הדרומית),2024-03-12,2024-03-10 14:26:00.183
17040905,556773643,138,חיל האוויר פסגת זאב,2024-03-11,2024-03-10 14:26:00.183
17040907,556692653,149,הר חומה ירושליים,2024-03-13,2024-03-10 14:26:00.183
17040911,556660960,17,זנגוויל ירושליים,2024-03-13,2024-03-10 14:26:00.183
17040912,556686146,36,התמר ביתר,2024-03-13,2024-03-10 14:26:00.183
17040917,556676985,77,מבוא די זהב ירושליים,2024-03-11,2024-03-10 14:26:00.183
17040919,556662679,93,רבי יהשוע בית שמש,2024-03-13,2024-03-10 14:26:00.183
17040921,556694003,84,רמות פולין- ירושליים,2024-03-11,2024-03-10 14:26:00.183
17041413,556707451,56,רשבם מודיעין עילית,2024-03-12,2024-03-10 14:26:00.183
17041423,556658887,161,הרב חיות נווה יעקב ירושליים,2024-03-11,2024-03-10 14:26:00.183
17041427,6161,21,בית תפילה מודיעין עילית,2024-03-12,2024-03-10 14:26:00.183
17041428,556685302,159,גבעת זאב,2024-03-11,2024-03-10 14:26:00.183
17041435,556678325,173,דובר שלום נוף הגליל,2024-03-12,2024-03-10 14:26:00.183
17041437,556771695,254,נרקיסים - נוף הגליל,2024-03-12,2024-03-10 14:26:00.183
17041443,1637,8,נאות הפיסגה מודיעין עילית,2024-03-12,2024-03-10 14:26:00.183
17041444,556674215,213,מיצד,2024-03-13,2024-03-10 14:26:00.183
17041453,556664661,159,גבעת זאב,2024-03-11,2024-03-10 14:26:00.183
17041455,556681224,186,יעקב אלעזר ירושליים,2024-03-11,2024-03-10 14:26:00.183
17041459,556796546,278,ברכיה בית שמש,2024-03-13,2024-03-10 14:26:00.183
17041464,556644384,229,סולם יעקב ירושליים,2024-03-11,2024-03-10 14:26:00.183
17041465,556665520,122,תל ציון (אהבת ישראל תחתון),2024-03-11,2024-03-10 14:26:00.183
17041467,556730113,171,נוף כנרת טבריה,2024-03-12,2024-03-10 14:26:00.183
17041468,527645544,17,זנגוויל ירושליים,2024-03-13,2024-03-10 14:26:00.183
17041471,556669027,267,נריה,2024-03-12,2024-03-10 14:26:00.183
17041474,556661214,147,כרמיאל (שכ' הדרומית),2024-03-12,2024-03-10 14:26:00.183
17041483,556762659,253,צוקרמן נווה יעקב ירושליים,2024-03-11,2024-03-10 14:26:00.183
17041493,1604,4,רבי עקיבא מודיעין עילית,2024-03-12,2024-03-10 14:26:00.183
17041500,556644774,236,לואי ליפסקי ירושליים,2024-03-11,2024-03-10 14:26:00.183
17041501,556782305,47,מעלה אדומים,2024-03-11,2024-03-10 14:26:00.183
17041505,556663624,236,לואי ליפסקי ירושליים,2024-03-11,2024-03-10 14:26:00.183
17041516,527653327,84,רמות פולין- ירושליים,2024-03-11,2024-03-10 14:26:00.183
17041521,556786268,266,האמוראים בית שמש,2024-03-13,2024-03-10 14:26:00.183
17041523,12360,191,שפינוזה עפולה,2024-03-12,2024-03-10 14:26:00.183
17041530,556662862,77,מבוא די זהב ירושליים,2024-03-11,2024-03-10 14:26:00.183
17041533,556643599,58,חזון דוד מודיעין עילית,2024-03-12,2024-03-10 14:26:00.183
17041537,9023,21,בית תפילה מודיעין עילית,2024-03-12,2024-03-10 14:26:00.183
17041539,1583,4,רבי עקיבא מודיעין עילית,2024-03-12,2024-03-10 14:26:00.183
17041544,556662123,269,רב עולא בית שמש,2024-03-13,2024-03-10 14:26:00.183
17041545,556699355,205,"רש""י ירושליים",2024-03-13,2024-03-10 14:26:00.183
17041568,556750109,241,ארץ חפץ ירושליים,2024-03-11,2024-03-10 14:26:00.183
17041573,556789612,50,נחל שורק בית שמש,2024-03-13,2024-03-10 14:26:00.183
17041575,556665602,159,גבעת זאב,2024-03-11,2024-03-10 14:26:00.183
17041576,556669374,166,הרב רביץ נווה יעקב ירושליים,2024-03-11,2024-03-10 14:26:00.183
17041587,556783754,111,הר יונה נוף הגליל,2024-03-12,2024-03-10 14:26:00.183
17041589,556700029,99,רמת שלמה - ירושליים,2024-03-13,2024-03-10 14:26:00.183
17041593,556656804,192,רב זירא בית שמש,2024-03-13,2024-03-10 14:26:00.183
17041596,556664088,246,שערי תשובה מודיעין עילית,2024-03-12,2024-03-10 14:26:00.183
17041597,556775068,138,חיל האוויר פסגת זאב,2024-03-11,2024-03-10 14:26:00.183
17041601,527652800,273,עליית הנוער עפולה,2024-03-12,2024-03-10 14:26:00.183
17041609,556664519,84,רמות פולין- ירושליים,2024-03-11,2024-03-10 14:26:00.183
17041614,556661444,222,רב חנן בית שמש,2024-03-13,2024-03-10 14:26:00.183
17041617,556774490,238,בני דוד עלי,2024-03-11,2024-03-10 14:26:00.183
17041631,527643734,123,"מהרי""ל מודיעין עילית",2024-03-12,2024-03-10 14:26:00.183
17041635,556681106,186,יעקב אלעזר ירושליים,2024-03-11,2024-03-10 14:26:00.183
17041649,548500586,7,מרומי שדה מודיעין עילית,2024-03-12,2024-03-10 14:26:00.183
17041672,556711315,258,גן הדסים - מודיעין עילית,2024-03-12,2024-03-10 14:26:00.183
17041685,556660169,76,ויקטור ויוליוס נווה יעקב,2024-03-11,2024-03-10 14:26:00.183
17041688,556670396,16,שטרן ירושליים,2024-03-13,2024-03-10 14:26:00.183
17041691,12487,38,רשבי מודיעין עילית,2024-03-12,2024-03-10 14:26:00.183
17041695,556644695,282,אהבת ישראל תל ציון (עליון),2024-03-11,2024-03-10 14:26:00.183
17041696,556676082,171,נוף כנרת טבריה,2024-03-12,2024-03-10 14:26:00.183
17041698,556643905,113,נתיבות שלום מודיעין עילית,2024-03-12,2024-03-10 14:26:00.183
17041699,527655840,229,סולם יעקב ירושליים,2024-03-11,2024-03-10 14:26:00.183
17041700,556645100,6,קנה בושם בית שמש,2024-03-13,2024-03-10 14:26:00.183
17041702,527650025,2,אבני נזר מודיעין עילית,2024-03-12,2024-03-10 14:26:00.183
17041703,556732265,240,גדליה נוימן נווה יעקב ירושלים,2024-03-11,2024-03-10 14:26:00.183
17041704,556668534,267,נריה,2024-03-12,2024-03-10 14:26:00.183
17041708,527662796,258,גן הדסים - מודיעין עילית,2024-03-12,2024-03-10 14:26:00.183
17041714,556771034,200,אהבת שלום תל ציון,2024-03-11,2024-03-10 14:26:00.183
17041716,556691395,222,רב חנן בית שמש,2024-03-13,2024-03-10 14:26:00.183
17041778,556773158,294,"אפרת צפון ",2024-03-13,2024-03-10 14:26:00.183
17041781,556749851,174,בתי הורנשטיין ירושליים,2024-03-13,2024-03-10 14:26:00.183
17041783,556699605,24,דולב בית שמש,2024-03-13,2024-03-10 14:26:00.183
17041800,527655173,181,זאב חקלאי ירושליים,2024-03-13,2024-03-10 14:26:00.183
17041802,556751139,3,יהודה הנשיא מודיעין עילית,2024-03-12,2024-03-10 14:26:00.183
17041810,5389,24,דולב בית שמש,2024-03-13,2024-03-10 14:26:00.183
17041811,556718839,21,בית תפילה מודיעין עילית,2024-03-12,2024-03-10 14:26:00.183
17041820,556651753,83,גבעה A ביתר,2024-03-13,2024-03-10 14:26:00.183
17041828,8990,27,חפציבה מודיעין עילית,2024-03-12,2024-03-10 14:26:00.183
17041829,527655404,99,רמת שלמה - ירושליים,2024-03-13,2024-03-10 14:26:00.183
17041833,556735623,273,עליית הנוער עפולה,2024-03-12,2024-03-10 14:26:00.183
17041846,556663394,236,לואי ליפסקי ירושליים,2024-03-11,2024-03-10 14:26:00.183
17041854,556698401,200,אהבת שלום תל ציון,2024-03-11,2024-03-10 14:26:00.183
17041856,556681385,161,הרב חיות נווה יעקב ירושליים,2024-03-11,2024-03-10 14:26:00.183
17041859,556752379,159,גבעת זאב,2024-03-11,2024-03-10 14:26:00.183
17041861,556686233,159,גבעת זאב,2024-03-11,2024-03-10 14:26:00.183
17041862,2628,38,רשבי מודיעין עילית,2024-03-12,2024-03-10 14:26:00.183
17041868,556681479,137,אהל איתן נווה יעקב ירושליים,2024-03-11,2024-03-10 14:26:00.183
17041869,527649954,12,קצות החושן מודיעין עילית,2024-03-12,2024-03-10 14:26:00.183
17041874,556722377,185,גשר החיים ירושליים,2024-03-13,2024-03-10 14:26:00.183
17041880,556791218,136,זכרון אברהם ירושליים,2024-03-11,2024-03-10 14:26:00.183
17041886,1191,38,רשבי מודיעין עילית,2024-03-12,2024-03-10 14:26:00.183
17042346,556655179,211,רפפורט ירושליים,2024-03-11,2024-03-10 14:26:00.183
17042348,556699385,186,יעקב אלעזר ירושליים,2024-03-11,2024-03-10 14:26:00.183
17042349,556745589,163,ישיבת מצפה יריחו,2024-03-11,2024-03-10 14:26:00.183
17042351,556651925,68,בר אילן בית שמש,2024-03-13,2024-03-10 14:26:00.183
17042353,527661301,150,נג'ארה ירושליים,2024-03-13,2024-03-10 14:26:00.183
17042357,5444,14,ליבו חפץ מודיעין עילית,2024-03-12,2024-03-10 14:26:00.183
17042360,556663914,3,יהודה הנשיא מודיעין עילית,2024-03-12,2024-03-10 14:26:00.183
17042367,556641828,122,תל ציון (אהבת ישראל תחתון),2024-03-11,2024-03-10 14:26:00.183
17042369,556680574,274,"לוחמי הגטאות צפת ",2024-03-12,2024-03-10 14:26:00.183
17042370,527641828,39,גרין פארק מודיעין עילית,2024-03-12,2024-03-10 14:26:00.183
17042396,556809619,136,זכרון אברהם ירושליים,2024-03-11,2024-03-10 14:26:00.183
17042397,556668223,241,ארץ חפץ ירושליים,2024-03-11,2024-03-10 14:26:00.183
17042398,527654154,275,הרב פניז'ל נווה יעקב ירושליים,2024-03-11,2024-03-10 14:26:00.183
17042404,7357,204,אלישע הנביא בית שמש,2024-03-13,2024-03-10 14:26:00.183
17042409,556677652,12,קצות החושן מודיעין עילית,2024-03-12,2024-03-10 14:26:00.183
17042419,556669329,229,סולם יעקב ירושליים,2024-03-11,2024-03-10 14:26:00.183
17042443,1314,4,רבי עקיבא מודיעין עילית,2024-03-12,2024-03-10 14:26:00.183
17042446,556811889,294,"אפרת צפון ",2024-03-13,2024-03-10 14:26:00.183
17042451,527663190,149,הר חומה ירושליים,2024-03-13,2024-03-10 14:26:00.183
17042452,556664876,273,עליית הנוער עפולה,2024-03-12,2024-03-10 14:26:00.183
17042457,4084,7,מרומי שדה מודיעין עילית,2024-03-12,2024-03-10 14:26:00.183
17042459,556669141,122,תל ציון (אהבת ישראל תחתון),2024-03-11,2024-03-10 14:26:00.183
17042462,527655723,188,נוה צבי ירושליים,2024-03-13,2024-03-10 14:26:00.183
17042475,556649807,82,פאגי ירושליים,2024-03-11,2024-03-10 14:26:00.183
17042477,556701027,112,טבנקין נווה יעקב ירושליים,2024-03-11,2024-03-10 14:26:00.183
17042478,556659144,149,הר חומה ירושליים,2024-03-13,2024-03-10 14:26:00.183
17042482,556665487,141,אבא אחימאיר נווה יעקב ירושליים,2024-03-11,2024-03-10 14:26:00.183
17042486,556677937,123,"מהרי""ל מודיעין עילית",2024-03-12,2024-03-10 14:26:00.183
17042494,556769860,32,גבעת ירושלים בית שמש,2024-03-13,2024-03-10 14:26:00.183
17042505,556643006,99,רמת שלמה - ירושליים,2024-03-13,2024-03-10 14:26:00.183
17042521,527643969,50,נחל שורק בית שמש,2024-03-13,2024-03-10 14:26:00.183
17042534,556680939,164,מישאל מזרחי פסגת זאב,2024-03-11,2024-03-10 14:26:00.183
17042537,556784899,241,ארץ חפץ ירושליים,2024-03-11,2024-03-10 14:26:00.183
17042543,2591,3,יהודה הנשיא מודיעין עילית,2024-03-12,2024-03-10 14:26:00.183
17042545,556723409,153,צפת,2024-03-12,2024-03-10 14:26:00.183
17042551,556736779,159,גבעת זאב,2024-03-11,2024-03-10 14:26:00.183
17042553,556787550,231,נאות שמחה מודיעין עילית,2024-03-12,2024-03-10 14:26:00.183
17042557,556781034,16,שטרן ירושליים,2024-03-13,2024-03-10 14:26:00.183
17042563,527652799,273,עליית הנוער עפולה,2024-03-12,2024-03-10 14:26:00.183
17042568,107,139,בית יצחק מודיעין עילית,2024-03-12,2024-03-10 14:26:00.183
17042577,527638895,118,שלב ד בית שמש,2024-03-13,2024-03-10 14:26:00.183
17042578,556662358,229,סולם יעקב ירושליים,2024-03-11,2024-03-10 14:26:00.183
17042590,7546,58,חזון דוד מודיעין עילית,2024-03-12,2024-03-10 14:26:00.183
17042595,556758991,257,שילה,2024-03-11,2024-03-10 14:26:00.183
17042596,2103,231,נאות שמחה מודיעין עילית,2024-03-12,2024-03-10 14:26:00.183
17042598,2010,12,קצות החושן מודיעין עילית,2024-03-12,2024-03-10 14:26:00.183
17042599,556695335,85,עפולה גבעת המורה,2024-03-12,2024-03-10 14:26:00.183
17042603,556647704,143,בית ישראל ירושליים,2024-03-11,2024-03-10 14:26:00.183
17042609,2568,6,קנה בושם בית שמש,2024-03-13,2024-03-10 14:26:00.183
17042614,556658829,173,דובר שלום נוף הגליל,2024-03-12,2024-03-10 14:26:00.183
17042615,527642178,162,מרים הנביאה בית שמש,2024-03-13,2024-03-10 14:26:00.183
17042635,556655345,159,גבעת זאב,2024-03-11,2024-03-10 14:26:00.183
17042636,556774885,257,שילה,2024-03-11,2024-03-10 14:26:00.183
17042639,548499801,99,רמת שלמה - ירושליים,2024-03-13,2024-03-10 14:26:00.183
17042640,4895,123,"מהרי""ל מודיעין עילית",2024-03-12,2024-03-10 14:26:00.183
17042642,527653636,61,לב שמחה בית שמש,2024-03-13,2024-03-10 14:26:00.183
17042652,556669347,204,אלישע הנביא בית שמש,2024-03-13,2024-03-10 14:26:00.183
17042660,527658743,236,לואי ליפסקי ירושליים,2024-03-11,2024-03-10 14:26:00.183
17042662,556729395,266,האמוראים בית שמש,2024-03-13,2024-03-10 14:26:00.183
17042664,556674442,140,גולאק נווה יעקב ירושליים,2024-03-11,2024-03-10 14:26:00.183
17042665,11828,293,כנסת יחזקאל ביתר עילית,2024-03-13,2024-03-10 14:26:00.183
17042683,556804051,173,דובר שלום נוף הגליל,2024-03-12,2024-03-10 14:26:00.183
17042685,556676419,168,מגדל העמק,2024-03-12,2024-03-10 14:26:00.183
17042687,4704,17,זנגוויל ירושליים,2024-03-13,2024-03-10 14:26:00.183
17042707,548500152,113,נתיבות שלום מודיעין עילית,2024-03-12,2024-03-10 14:26:00.183
17042710,556718917,201,סופה בית אל,2024-03-11,2024-03-10 14:26:00.183
17042714,11628,258,גן הדסים - מודיעין עילית,2024-03-12,2024-03-10 14:26:00.183
17042718,527650686,113,נתיבות שלום מודיעין עילית,2024-03-12,2024-03-10 14:26:00.183
17042719,556683755,262,רמת הנביאים בית שמש,2024-03-13,2024-03-10 14:26:00.183
17042722,527644876,109,עידו הנביא בית שמש,2024-03-13,2024-03-10 14:26:00.183
17042726,556695367,84,רמות פולין- ירושליים,2024-03-11,2024-03-10 14:26:00.183
17042728,556687382,141,אבא אחימאיר נווה יעקב ירושליים,2024-03-11,2024-03-10 14:26:00.183
17042730,556680419,143,בית ישראל ירושליים,2024-03-11,2024-03-10 14:26:00.183
17042746,556649226,82,פאגי ירושליים,2024-03-11,2024-03-10 14:26:00.183
17042750,556777781,229,סולם יעקב ירושליים,2024-03-11,2024-03-10 14:26:00.183
17042757,556653115,137,אהל איתן נווה יעקב ירושליים,2024-03-11,2024-03-10 14:26:00.183
17042759,527656383,4,רבי עקיבא מודיעין עילית,2024-03-12,2024-03-10 14:26:00.183
17042760,556759781,274,"לוחמי הגטאות צפת ",2024-03-12,2024-03-10 14:26:00.183
17042762,556700831,109,עידו הנביא בית שמש,2024-03-13,2024-03-10 14:26:00.183
17042766,556684338,153,צפת,2024-03-12,2024-03-10 14:26:00.183
17042768,527663109,236,לואי ליפסקי ירושליים,2024-03-11,2024-03-10 14:26:00.183
17042777,556643571,26,אביי ורבא מודיעין עילית,2024-03-12,2024-03-10 14:26:00.183
17042781,527657532,231,נאות שמחה מודיעין עילית,2024-03-12,2024-03-10 14:26:00.183
17043249,556785801,267,נריה,2024-03-12,2024-03-10 14:26:00.183
17043263,556650514,247,ירמיהו בית שמש,2024-03-13,2024-03-10 14:26:00.183
17043266,527640330,122,תל ציון (אהבת ישראל תחתון),2024-03-11,2024-03-10 14:26:00.183
17043269,556680046,137,אהל איתן נווה יעקב ירושליים,2024-03-11,2024-03-10 14:26:00.183
17043292,556811877,201,סופה בית אל,2024-03-11,2024-03-10 14:26:00.183
17043293,556734987,225,בית שאן,2024-03-12,2024-03-10 14:26:00.183
17043298,527638355,58,חזון דוד מודיעין עילית,2024-03-12,2024-03-10 14:26:00.183
17043299,5234,227,רבי טרפון מודיעין עילית,2024-03-12,2024-03-10 14:26:00.183
17043302,556664685,159,גבעת זאב,2024-03-11,2024-03-10 14:26:00.183
17043312,556656317,147,כרמיאל (שכ' הדרומית),2024-03-12,2024-03-10 14:26:00.183
17043321,556667819,149,הר חומה ירושליים,2024-03-13,2024-03-10 14:26:00.183
17043327,556654836,177,הבוכרים ירושליים,2024-03-11,2024-03-10 14:26:00.183
17043330,527659059,164,מישאל מזרחי פסגת זאב,2024-03-11,2024-03-10 14:26:00.183
17043331,556730485,64,"הרב בנדר ביתר עילית ",2024-03-13,2024-03-10 14:26:00.183
17043334,527654553,84,רמות פולין- ירושליים,2024-03-11,2024-03-10 14:26:00.183
17043336,1749,8,נאות הפיסגה מודיעין עילית,2024-03-12,2024-03-10 14:26:00.183
17043342,527652634,97,גבעת שאול - ירושליים,2024-03-13,2024-03-10 14:26:00.183
17043343,556676802,177,הבוכרים ירושליים,2024-03-11,2024-03-10 14:26:00.183
17043344,556797252,138,חיל האוויר פסגת זאב,2024-03-11,2024-03-10 14:26:00.183
17043349,11199,58,חזון דוד מודיעין עילית,2024-03-12,2024-03-10 14:26:00.183
17043366,7576,128,יונה בן אמיתי בית שמש,2024-03-13,2024-03-10 14:26:00.183
17043376,527660292,93,רבי יהשוע בית שמש,2024-03-13,2024-03-10 14:26:00.183
17043379,556668201,253,צוקרמן נווה יעקב ירושליים,2024-03-11,2024-03-10 14:26:00.183
17043383,556703803,2,אבני נזר מודיעין עילית,2024-03-12,2024-03-10 14:26:00.183
17043396,556644067,109,עידו הנביא בית שמש,2024-03-13,2024-03-10 14:26:00.183
17043399,527642873,26,אביי ורבא מודיעין עילית,2024-03-12,2024-03-10 14:26:00.183
17043410,527657820,57,רוממה ירושליים,2024-03-13,2024-03-10 14:26:00.183
17043415,556684579,161,הרב חיות נווה יעקב ירושליים,2024-03-11,2024-03-10 14:26:00.183
17043421,527648050,285,בן צבי טבריה,2024-03-12,2024-03-10 14:26:00.183
17043423,556664743,150,נג'ארה ירושליים,2024-03-13,2024-03-10 14:26:00.183
17043434,556683461,86,נווה יעקב-ירושלים,2024-03-11,2024-03-10 14:26:00.183
17043436,556780973,279,כפר תפוח,2024-03-11,2024-03-10 14:26:00.183
17043438,556652261,113,נתיבות שלום מודיעין עילית,2024-03-12,2024-03-10 14:26:00.183
17043447,556729747,187,גבעת מרדכי ירושליים,2024-03-13,2024-03-10 14:26:00.183
17043451,556675354,76,ויקטור ויוליוס נווה יעקב,2024-03-11,2024-03-10 14:26:00.183
17043466,556808502,283,מבוא חורון,2024-03-12,2024-03-10 14:26:00.183
17043469,527640095,171,נוף כנרת טבריה,2024-03-12,2024-03-10 14:26:00.183
17043476,556712083,2,אבני נזר מודיעין עילית,2024-03-12,2024-03-10 14:26:00.183
17043485,527662857,26,אביי ורבא מודיעין עילית,2024-03-12,2024-03-10 14:26:00.183
17043490,556753153,153,צפת,2024-03-12,2024-03-10 14:26:00.183
17043498,556669359,210,האצולה בית שמש,2024-03-13,2024-03-10 14:26:00.183
17043499,556641843,282,אהבת ישראל תל ציון (עליון),2024-03-11,2024-03-10 14:26:00.183
17043502,556783633,257,שילה,2024-03-11,2024-03-10 14:26:00.183
17043504,556658346,252,נהרדעא בית שמש,2024-03-13,2024-03-10 14:26:00.183
17043510,556678992,192,רב זירא בית שמש,2024-03-13,2024-03-10 14:26:00.183
17043511,556663457,188,נוה צבי ירושליים,2024-03-13,2024-03-10 14:26:00.183
17043518,556755595,65,עפולה עילית,2024-03-12,2024-03-10 14:26:00.183
17043519,556679633,222,רב חנן בית שמש,2024-03-13,2024-03-10 14:26:00.183
17043523,527640668,26,אביי ורבא מודיעין עילית,2024-03-12,2024-03-10 14:26:00.183
17043542,556702051,137,אהל איתן נווה יעקב ירושליים,2024-03-11,2024-03-10 14:26:00.183
17043551,556750530,253,צוקרמן נווה יעקב ירושליים,2024-03-11,2024-03-10 14:26:00.183
17043553,556684753,38,רשבי מודיעין עילית,2024-03-12,2024-03-10 14:26:00.183
17043555,527654664,109,עידו הנביא בית שמש,2024-03-13,2024-03-10 14:26:00.183
17043558,556681334,185,גשר החיים ירושליים,2024-03-13,2024-03-10 14:26:00.183
17043565,556760475,171,נוף כנרת טבריה,2024-03-12,2024-03-10 14:26:00.183
17043572,556671622,161,הרב חיות נווה יעקב ירושליים,2024-03-11,2024-03-10 14:26:00.183
17043574,556651909,229,סולם יעקב ירושליים,2024-03-11,2024-03-10 14:26:00.183
17043580,556690769,150,נג'ארה ירושליים,2024-03-13,2024-03-10 14:26:00.183
17043582,556693315,236,לואי ליפסקי ירושליים,2024-03-11,2024-03-10 14:26:00.183
17043597,556688730,122,תל ציון (אהבת ישראל תחתון),2024-03-11,2024-03-10 14:26:00.183
17043602,556789242,225,בית שאן,2024-03-12,2024-03-10 14:26:00.183
17043634,556682583,186,יעקב אלעזר ירושליים,2024-03-11,2024-03-10 14:26:00.183
17043638,556718373,229,סולם יעקב ירושליים,2024-03-11,2024-03-10 14:26:00.183
17043641,556681779,186,יעקב אלעזר ירושליים,2024-03-11,2024-03-10 14:26:00.183
17043648,556715343,185,גשר החיים ירושליים,2024-03-13,2024-03-10 14:26:00.183
17043664,556668933,161,הרב חיות נווה יעקב ירושליים,2024-03-11,2024-03-10 14:26:00.183
17043667,527657623,82,פאגי ירושליים,2024-03-11,2024-03-10 14:26:00.183
17043671,527661087,240,גדליה נוימן נווה יעקב ירושלים,2024-03-11,2024-03-10 14:26:00.183
17043673,556653086,229,סולם יעקב ירושליים,2024-03-11,2024-03-10 14:26:00.183
17043677,556645330,85,עפולה גבעת המורה,2024-03-12,2024-03-10 14:26:00.183
17043678,556643261,185,גשר החיים ירושליים,2024-03-13,2024-03-10 14:26:00.183
17043680,556723799,38,רשבי מודיעין עילית,2024-03-12,2024-03-10 14:26:00.183
17043685,527649253,236,לואי ליפסקי ירושליים,2024-03-11,2024-03-10 14:26:00.183
17043698,527657074,140,גולאק נווה יעקב ירושליים,2024-03-11,2024-03-10 14:26:00.183
17043699,556740477,247,ירמיהו בית שמש,2024-03-13,2024-03-10 14:26:00.183
17043702,556675952,138,חיל האוויר פסגת זאב,2024-03-11,2024-03-10 14:26:00.183
17043714,556695927,200,אהבת שלום תל ציון,2024-03-11,2024-03-10 14:26:00.183
17043717,556660369,153,צפת,2024-03-12,2024-03-10 14:26:00.183
17043719,556670816,94,שמואל הנביא ירושליים,2024-03-11,2024-03-10 14:26:00.183
17043732,556641036,65,עפולה עילית,2024-03-12,2024-03-10 14:26:00.183
17043735,527654525,83,גבעה A ביתר,2024-03-13,2024-03-10 14:26:00.183
17043750,527647154,57,רוממה ירושליים,2024-03-13,2024-03-10 14:26:00.183
17043752,556683841,171,נוף כנרת טבריה,2024-03-12,2024-03-10 14:26:00.183
17043753,489,26,אביי ורבא מודיעין עילית,2024-03-12,2024-03-10 14:26:00.183
17044239,556649712,112,טבנקין נווה יעקב ירושליים,2024-03-11,2024-03-10 14:26:00.183
17044241,556682200,171,נוף כנרת טבריה,2024-03-12,2024-03-10 14:26:00.183
17044257,556655981,26,אביי ורבא מודיעין עילית,2024-03-12,2024-03-10 14:26:00.183
17044258,556711255,246,שערי תשובה מודיעין עילית,2024-03-12,2024-03-10 14:26:00.183
17044262,556651112,36,התמר ביתר,2024-03-13,2024-03-10 14:26:00.183
17044264,556775271,163,ישיבת מצפה יריחו,2024-03-11,2024-03-10 14:26:00.183
17044267,527640084,135,שאדיקר נווה יעקב ירושליים,2024-03-11,2024-03-10 14:26:00.183
17044268,556736881,77,מבוא די זהב ירושליים,2024-03-11,2024-03-10 14:26:00.183
17044275,527656963,200,אהבת שלום תל ציון,2024-03-11,2024-03-10 14:26:00.183
17044282,556675999,171,נוף כנרת טבריה,2024-03-12,2024-03-10 14:26:00.183
17044288,556743303,136,זכרון אברהם ירושליים,2024-03-11,2024-03-10 14:26:00.183
17044303,556684289,3,יהודה הנשיא מודיעין עילית,2024-03-12,2024-03-10 14:26:00.183
17044312,556712977,12,קצות החושן מודיעין עילית,2024-03-12,2024-03-10 14:26:00.183
17044320,527639897,280,"בעש""ט מודיעין עילית ",2024-03-12,2024-03-10 14:26:00.183
17044322,556654688,136,זכרון אברהם ירושליים,2024-03-11,2024-03-10 14:26:00.183
17044328,1335,26,אביי ורבא מודיעין עילית,2024-03-12,2024-03-10 14:26:00.183
17044329,556814955,300,ישמח ישראל ביתר עילית,2024-03-13,2024-03-10 14:26:00.183
17044332,556753549,241,ארץ חפץ ירושליים,2024-03-11,2024-03-10 14:26:00.183
17044333,556644742,164,מישאל מזרחי פסגת זאב,2024-03-11,2024-03-10 14:26:00.183
17044345,556798012,257,שילה,2024-03-11,2024-03-10 14:26:00.183
17044347,527640646,39,גרין פארק מודיעין עילית,2024-03-12,2024-03-10 14:26:00.183
17044356,527659477,115,משכנות יעקב ירושליים,2024-03-13,2024-03-10 14:26:00.183
17044360,556780940,296,"מצפה נבו מעלה אדומים ",2024-03-11,2024-03-10 14:26:00.183
17044362,556675646,36,התמר ביתר,2024-03-13,2024-03-10 14:26:00.183
17044363,527662040,293,כנסת יחזקאל ביתר עילית,2024-03-13,2024-03-10 14:26:00.183
17044369,556687343,153,צפת,2024-03-12,2024-03-10 14:26:00.183
17044374,7506,259,היכל נפתלי - מודיעין עילית,2024-03-12,2024-03-10 14:26:00.183
17044383,556686842,154,טבריה,2024-03-12,2024-03-10 14:26:00.183
17044392,556789328,255,מר עוקבא - בית שמש,2024-03-13,2024-03-10 14:26:00.183
17044396,1554,4,רבי עקיבא מודיעין עילית,2024-03-12,2024-03-10 14:26:00.183
17044399,556715995,166,הרב רביץ נווה יעקב ירושליים,2024-03-11,2024-03-10 14:26:00.183
17044401,556708251,56,רשבם מודיעין עילית,2024-03-12,2024-03-10 14:26:00.183
17044414,556693525,236,לואי ליפסקי ירושליים,2024-03-11,2024-03-10 14:26:00.183
17044416,556688456,181,זאב חקלאי ירושליים,2024-03-13,2024-03-10 14:26:00.183
17044419,556680843,174,בתי הורנשטיין ירושליים,2024-03-13,2024-03-10 14:26:00.183
17044439,556778746,238,בני דוד עלי,2024-03-11,2024-03-10 14:26:00.183
17044440,556738051,241,ארץ חפץ ירושליים,2024-03-11,2024-03-10 14:26:00.183
17044441,556706659,153,צפת,2024-03-12,2024-03-10 14:26:00.183
17044442,556660106,140,גולאק נווה יעקב ירושליים,2024-03-11,2024-03-10 14:26:00.183
17044454,527649647,39,גרין פארק מודיעין עילית,2024-03-12,2024-03-10 14:26:00.183
17044457,556783194,172,מעלה הזיתים ירושליים,2024-03-11,2024-03-10 14:26:00.183
17044459,9021,37,קרלין מודיעין עילית,2024-03-12,2024-03-10 14:26:00.183
17044471,556668735,149,הר חומה ירושליים,2024-03-13,2024-03-10 14:26:00.183
17044473,556715233,263,"יביע אומר ביתר עילית ",2024-03-13,2024-03-10 14:26:00.183
17044477,556795190,186,יעקב אלעזר ירושליים,2024-03-11,2024-03-10 14:26:00.183
17044478,556720571,202,חצור הגלילית,2024-03-12,2024-03-10 14:26:00.183
17044479,556648899,128,יונה בן אמיתי בית שמש,2024-03-13,2024-03-10 14:26:00.183
17044480,527640392,112,טבנקין נווה יעקב ירושליים,2024-03-11,2024-03-10 14:26:00.183
17044481,556813018,122,תל ציון (אהבת ישראל תחתון),2024-03-11,2024-03-10 14:26:00.183
17044483,527653893,135,שאדיקר נווה יעקב ירושליים,2024-03-11,2024-03-10 14:26:00.183
17044485,527661947,27,חפציבה מודיעין עילית,2024-03-12,2024-03-10 14:26:00.183
17044487,556802198,162,מרים הנביאה בית שמש,2024-03-13,2024-03-10 14:26:00.183
17044492,556692991,186,יעקב אלעזר ירושליים,2024-03-11,2024-03-10 14:26:00.183
17044515,556787299,269,רב עולא בית שמש,2024-03-13,2024-03-10 14:26:00.183
17044526,527657411,36,התמר ביתר,2024-03-13,2024-03-10 14:26:00.183
17044533,556659253,131,מינץ ירושליים,2024-03-11,2024-03-10 14:26:00.183
17044534,556701475,252,נהרדעא בית שמש,2024-03-13,2024-03-10 14:26:00.183
17044536,527653026,229,סולם יעקב ירושליים,2024-03-11,2024-03-10 14:26:00.183
17044540,556663458,118,שלב ד בית שמש,2024-03-13,2024-03-10 14:26:00.183
17044543,556646785,115,משכנות יעקב ירושליים,2024-03-13,2024-03-10 14:26:00.183
17044546,556695567,133,משה סנה נווה יעקב,2024-03-11,2024-03-10 14:26:00.183
17044558,556729135,188,נוה צבי ירושליים,2024-03-13,2024-03-10 14:26:00.183
17044559,556792386,191,שפינוזה עפולה,2024-03-12,2024-03-10 14:26:00.183
17044564,527653594,111,הר יונה נוף הגליל,2024-03-12,2024-03-10 14:26:00.183
17044565,556726891,147,כרמיאל (שכ' הדרומית),2024-03-12,2024-03-10 14:26:00.183
17044570,556788550,154,טבריה,2024-03-12,2024-03-10 14:26:00.183
17044572,556735215,296,"מצפה נבו מעלה אדומים ",2024-03-11,2024-03-10 14:26:00.183
17044576,2565,26,אביי ורבא מודיעין עילית,2024-03-12,2024-03-10 14:26:00.183
17044577,556681888,82,פאגי ירושליים,2024-03-11,2024-03-10 14:26:00.183
17044591,556695845,186,יעקב אלעזר ירושליים,2024-03-11,2024-03-10 14:26:00.183
17044594,556663674,236,לואי ליפסקי ירושליים,2024-03-11,2024-03-10 14:26:00.183
17044597,12754,14,ליבו חפץ מודיעין עילית,2024-03-12,2024-03-10 14:26:00.183
17044598,556809603,122,תל ציון (אהבת ישראל תחתון),2024-03-11,2024-03-10 14:26:00.183
17044610,4768,123,"מהרי""ל מודיעין עילית",2024-03-12,2024-03-10 14:26:00.183
17044613,556774717,255,מר עוקבא - בית שמש,2024-03-13,2024-03-10 14:26:00.183
17044615,527661459,240,גדליה נוימן נווה יעקב ירושלים,2024-03-11,2024-03-10 14:26:00.183
17044617,527654189,137,אהל איתן נווה יעקב ירושליים,2024-03-11,2024-03-10 14:26:00.183
17044619,556694701,86,נווה יעקב-ירושלים,2024-03-11,2024-03-10 14:26:00.183
17044633,556789469,262,רמת הנביאים בית שמש,2024-03-13,2024-03-10 14:26:00.183
17044636,556666279,57,רוממה ירושליים,2024-03-13,2024-03-10 14:26:00.183
17044641,1755,8,נאות הפיסגה מודיעין עילית,2024-03-12,2024-03-10 14:26:00.183
17044643,527655727,204,אלישע הנביא בית שמש,2024-03-13,2024-03-10 14:26:00.183
17044649,556644867,32,גבעת ירושלים בית שמש,2024-03-13,2024-03-10 14:26:00.183
17045151,556668754,296,"מצפה נבו מעלה אדומים ",2024-03-11,2024-03-10 14:26:00.183
17045156,1266,4,רבי עקיבא מודיעין עילית,2024-03-12,2024-03-10 14:26:00.183
17045161,556813196,9,נהר הירדן בית שמש,2024-03-13,2024-03-10 14:26:00.183
17045165,527644874,50,נחל שורק בית שמש,2024-03-13,2024-03-10 14:26:00.183
17045167,556685043,231,נאות שמחה מודיעין עילית,2024-03-12,2024-03-10 14:26:00.183
17045171,3954,16,שטרן ירושליים,2024-03-13,2024-03-10 14:26:00.183
17045175,556663892,82,פאגי ירושליים,2024-03-11,2024-03-10 14:26:00.183
17045179,527648583,128,יונה בן אמיתי בית שמש,2024-03-13,2024-03-10 14:26:00.183
17045181,556756489,17,זנגוויל ירושליים,2024-03-13,2024-03-10 14:26:00.183
17045202,12144,213,מיצד,2024-03-13,2024-03-10 14:26:00.183
17045212,556664780,191,שפינוזה עפולה,2024-03-12,2024-03-10 14:26:00.183
17045222,556641723,118,שלב ד בית שמש,2024-03-13,2024-03-10 14:26:00.183
17045228,556696643,87,ענתות גבעת זאב,2024-03-11,2024-03-10 14:26:00.183
17045231,556694007,130,הגליל כרמיאל,2024-03-12,2024-03-10 14:26:00.183
17045232,527654273,84,רמות פולין- ירושליים,2024-03-11,2024-03-10 14:26:00.183
17045234,556812988,296,"מצפה נבו מעלה אדומים ",2024-03-11,2024-03-10 14:26:00.183
17045235,556646195,76,ויקטור ויוליוס נווה יעקב,2024-03-11,2024-03-10 14:26:00.183
17045238,556663654,150,נג'ארה ירושליים,2024-03-13,2024-03-10 14:26:00.183
17045242,556781346,128,יונה בן אמיתי בית שמש,2024-03-13,2024-03-10 14:26:00.183
17045257,556674830,255,מר עוקבא - בית שמש,2024-03-13,2024-03-10 14:26:00.183
17045265,556742407,238,בני דוד עלי,2024-03-11,2024-03-10 14:26:00.183
17045271,556746761,122,תל ציון (אהבת ישראל תחתון),2024-03-11,2024-03-10 14:26:00.183
17045273,556653157,99,רמת שלמה - ירושליים,2024-03-13,2024-03-10 14:26:00.183
17045277,556735049,225,בית שאן,2024-03-12,2024-03-10 14:26:00.183
17045280,527643891,16,שטרן ירושליים,2024-03-13,2024-03-10 14:26:00.183
17045283,1586,4,רבי עקיבא מודיעין עילית,2024-03-12,2024-03-10 14:26:00.183
17045285,3192,26,אביי ורבא מודיעין עילית,2024-03-12,2024-03-10 14:26:00.183
17045296,556652351,12,קצות החושן מודיעין עילית,2024-03-12,2024-03-10 14:26:00.183
17045304,556727617,26,אביי ורבא מודיעין עילית,2024-03-12,2024-03-10 14:26:00.183
17045306,527661381,96,שער המלך מודיעין עילית,2024-03-12,2024-03-10 14:26:00.183
17045319,556771644,93,רבי יהשוע בית שמש,2024-03-13,2024-03-10 14:26:00.183
17045330,556788058,164,מישאל מזרחי פסגת זאב,2024-03-11,2024-03-10 14:26:00.183
17045335,556680668,143,בית ישראל ירושליים,2024-03-11,2024-03-10 14:26:00.183
17045340,556680091,122,תל ציון (אהבת ישראל תחתון),2024-03-11,2024-03-10 14:26:00.183
17045355,556660381,77,מבוא די זהב ירושליים,2024-03-11,2024-03-10 14:26:00.183
17045362,548499664,65,עפולה עילית,2024-03-12,2024-03-10 14:26:00.183
17045363,3658,9,נהר הירדן בית שמש,2024-03-13,2024-03-10 14:26:00.183
17045374,556696025,47,מעלה אדומים,2024-03-11,2024-03-10 14:26:00.183
17045380,556782251,257,שילה,2024-03-11,2024-03-10 14:26:00.183
17045391,556689464,165,אבי עזרי מודיעין עילית,2024-03-12,2024-03-10 14:26:00.183
17045394,527642801,21,בית תפילה מודיעין עילית,2024-03-12,2024-03-10 14:26:00.183
17045397,556813060,298,אור הגנוז,2024-03-12,2024-03-10 14:26:00.183
17045401,556659877,241,ארץ חפץ ירושליים,2024-03-11,2024-03-10 14:26:00.183
17045405,556696425,136,זכרון אברהם ירושליים,2024-03-11,2024-03-10 14:26:00.183
17045406,556659335,57,רוממה ירושליים,2024-03-13,2024-03-10 14:26:00.183
17045423,939,26,אביי ורבא מודיעין עילית,2024-03-12,2024-03-10 14:26:00.183
17045431,527661948,135,שאדיקר נווה יעקב ירושליים,2024-03-11,2024-03-10 14:26:00.183
17045441,556677736,122,תל ציון (אהבת ישראל תחתון),2024-03-11,2024-03-10 14:26:00.183
17045445,527639342,38,רשבי מודיעין עילית,2024-03-12,2024-03-10 14:26:00.183
17045449,556660014,255,מר עוקבא - בית שמש,2024-03-13,2024-03-10 14:26:00.183
17045454,527651974,165,אבי עזרי מודיעין עילית,2024-03-12,2024-03-10 14:26:00.183
17045460,556685853,84,רמות פולין- ירושליים,2024-03-11,2024-03-10 14:26:00.183
17045474,556670940,68,בר אילן בית שמש,2024-03-13,2024-03-10 14:26:00.183
17045476,773,3,יהודה הנשיא מודיעין עילית,2024-03-12,2024-03-10 14:26:00.183
17045477,527659191,97,גבעת שאול - ירושליים,2024-03-13,2024-03-10 14:26:00.183
17045479,527654495,200,אהבת שלום תל ציון,2024-03-11,2024-03-10 14:26:00.183
17045487,556664327,4,רבי עקיבא מודיעין עילית,2024-03-12,2024-03-10 14:26:00.183
17045488,527654155,217,בר יקר נווה יעקב,2024-03-11,2024-03-10 14:26:00.183
17045489,527659621,113,נתיבות שלום מודיעין עילית,2024-03-12,2024-03-10 14:26:00.183
17045496,3435,12,קצות החושן מודיעין עילית,2024-03-12,2024-03-10 14:26:00.183
17045500,527652563,162,מרים הנביאה בית שמש,2024-03-13,2024-03-10 14:26:00.183
17045507,556668160,150,נג'ארה ירושליים,2024-03-13,2024-03-10 14:26:00.183
17045518,556809958,201,סופה בית אל,2024-03-11,2024-03-10 14:26:00.183
17045527,556750589,238,בני דוד עלי,2024-03-11,2024-03-10 14:26:00.183
17045529,7778,41,סנהדריה המורחבת ירושליים,2024-03-11,2024-03-10 14:26:00.183
17045530,556679372,144,יבניאל,2024-03-12,2024-03-10 14:26:00.183
17045544,7503,8,נאות הפיסגה מודיעין עילית,2024-03-12,2024-03-10 14:26:00.183
17045551,556644534,241,ארץ חפץ ירושליים,2024-03-11,2024-03-10 14:26:00.183
17045552,556668928,161,הרב חיות נווה יעקב ירושליים,2024-03-11,2024-03-10 14:26:00.183
17045553,556678903,141,אבא אחימאיר נווה יעקב ירושליים,2024-03-11,2024-03-10 14:26:00.183
17045556,556649280,253,צוקרמן נווה יעקב ירושליים,2024-03-11,2024-03-10 14:26:00.183
17045562,556667622,122,תל ציון (אהבת ישראל תחתון),2024-03-11,2024-03-10 14:26:00.183
17045567,556696157,115,משכנות יעקב ירושליים,2024-03-13,2024-03-10 14:26:00.183
17045568,556785695,267,נריה,2024-03-12,2024-03-10 14:26:00.183
17045583,556685568,135,שאדיקר נווה יעקב ירושליים,2024-03-11,2024-03-10 14:26:00.183
17045588,527659272,164,מישאל מזרחי פסגת זאב,2024-03-11,2024-03-10 14:26:00.183
17045589,377,2,אבני נזר מודיעין עילית,2024-03-12,2024-03-10 14:26:00.183
17045590,12457,209,קהילות יעקב מודיעין עילית,2024-03-12,2024-03-10 14:26:00.183
17045595,556697141,87,ענתות גבעת זאב,2024-03-11,2024-03-10 14:26:00.183
17045611,556785798,267,נריה,2024-03-12,2024-03-10 14:26:00.183
17045622,556685283,41,סנהדריה המורחבת ירושליים,2024-03-11,2024-03-10 14:26:00.183
17045623,556665651,82,פאגי ירושליים,2024-03-11,2024-03-10 14:26:00.183
17045626,556653993,140,גולאק נווה יעקב ירושליים,2024-03-11,2024-03-10 14:26:00.183
17045633,1553,4,רבי עקיבא מודיעין עילית,2024-03-12,2024-03-10 14:26:00.183
17046105,556745603,201,סופה בית אל,2024-03-11,2024-03-10 14:26:00.183
